separation_nm,F_vdW_nN,F_electrostatic_nN,F_total_nN,U_vdW_aJ,U_electrostatic_aJ,U_total_aJ,diameter_nm,zeta_particle_mV,zeta_substrate_mV,ionic_strength_mM,temperature_C,eps_r_water,debye_length_nm,hamaker_J
0.3,-0.4444444444444445,0.17261140454451634,-0.27183303989992813,-0.13333333333333336,1.6584111567718365,1.5250778234385032,200.0,-45.0,-50.0,1.0,25.0,78.30334375,9.607772795476752,2.4e-21
0.3029235741262497,-0.43590700351290956,0.17255888816269696,-0.26334811535021263,-0.13204650749079427,1.657906591307275,1.5258600838164809,200.0,-45.0,-50.0,1.0,25.0,78.30334375,9.607772795476752,2.4e-21
0.30587563920473837,-0.42753356035110834,0.17250587620798147,-0.2550276841431269,-0.13077210105387288,1.6573972644909245,1.5266251634370516,200.0,-45.0,-50.0,1.0,25.0,78.30334375,9.607772795476752,2.4e-21
0.3088564728868352,-0.4193209646861792,0.1724523641633351,-0.24686860052284407,-0.12950999416047848,1.6568831329241407,1.5273731387636622,200.0,-45.0,-50.0,1.0,25.0,78.30334375,9.607772795476752,2.4e-21
0.3118663555296909,-0.4112661267596134,0.17239834747367458,-0.23886777928593877,-0.12826006810533253,1.6563641528427189,1.5281040847373863,200.0,-45.0,-50.0,1.0,25.0,78.30334375,9.607772795476752,2.4e-21
0.31490557022260557,-0.4033660161648228,0.17234382154560998,-0.23102219461921283,-0.12702220532880426,1.6558402801144116,1.5288180747856075,200.0,-45.0,-50.0,1.0,25.0,78.30334375,9.607772795476752,2.4e-21
0.3179744028136547,-0.3956176607070324,0.17228878174718612,-0.2233288789598463,-0.1257962894058537,1.6553114702364462,1.5295151808305927,200.0,-45.0,-50.0,1.0,25.0,78.30334375,9.607772795476752,2.4e-21
0.32107314193657366,-0.3880181452850763,0.17223322340762334,-0.21578492187745293,-0.12458220503508137,1.6547776783330337,1.5301954732979521,200.0,-45.0,-50.0,1.0,25.0,78.30334375,9.607772795476752,2.4e-21
0.32420207903790527,-0.3805646107946723,0.1721771418170586,-0.2083874689776137,-0.123379838027884,1.6542388591528785,1.5308590211249944,200.0,-45.0,-50.0,1.0,25.0,78.30334375,9.607772795476752,2.4e-21
0.32736150840441053,-0.37325425305276516,0.17212053222628532,-0.20113372082647984,-0.12218907529771476,1.6536949670666836,1.531505891768969,200.0,-45.0,-50.0,1.0,25.0,78.30334375,9.607772795476752,2.4e-21
0.33055172719074793,-0.3660843217425303,0.1720633898464936,-0.1940209318960367,-0.12100980484944686,1.6531459560646518,1.532136151215205,200.0,-45.0,-50.0,1.0,25.0,78.30334375,9.607772795476752,2.4e-21
0.3337730354474214,-0.359052119378645,0.17200570984900998,-0.187046409529635,-0.11984191576884025,1.6525917797539857,1.5327498639851453,200.0,-45.0,-50.0,1.0,25.0,78.30334375,9.607772795476752,2.4e-21
0.33702573614900105,-0.35215500029243546,0.1719474873650369,-0.18020751292739853,-0.11868529821210974,1.6520323913563841,1.5333470931442743,200.0,-45.0,-50.0,1.0,25.0,78.30334375,9.607772795476752,2.4e-21
0.3403101352226194,-0.34539036963651737,0.17188871748539208,-0.17350165215112529,-0.11753984339559372,1.6514677437055392,1.5339279003099455,200.0,-45.0,-50.0,1.0,25.0,78.30334375,9.607772795476752,2.4e-21
0.343626541576744,-0.3387556824085587,0.17182939526024768,-0.166926287148311,-0.11640544358552286,1.6508977892446297,1.534492345659107,200.0,-45.0,-50.0,1.0,25.0,78.30334375,9.607772795476752,2.4e-21
0.3469752671302322,-0.3322484424937926,0.1717695156988694,-0.1604789267949232,-0.11528199208788728,1.6503224800238143,1.535040487935927,200.0,-45.0,-50.0,1.0,25.0,78.30334375,9.607772795476752,2.4e-21
0.3503566268416673,-0.3258662017259258,0.17170907376935543,-0.15415712795657036,-0.11416938323840169,1.649741767697724,1.535572384459322,200.0,-45.0,-50.0,1.0,25.0,78.30334375,9.607772795476752,2.4e-21
0.353770938738982,-0.3196065589660837,0.17164806439837574,-0.147958494567708,-0.11306751239256725,1.6491556035229558,1.5360880911303885,200.0,-45.0,-50.0,1.0,25.0,78.30334375,9.607772795476752,2.4e-21
0.3572185239493699,-0.31346715919944945,0.17158648247091066,-0.1418806767285388,-0.11197627591582951,1.6485639383555641,1.5365876624397345,200.0,-45.0,-50.0,1.0,25.0,78.30334375,9.607772795476752,2.4e-21
0.3606997067294882,-0.30744569264925653,0.1715243228299905,-0.135921369819266,-0.1108955711738312,1.6479667226485546,1.5370711514747235,200.0,-45.0,-50.0,1.0,25.0,78.30334375,9.607772795476752,2.4e-21
0.36421481449595555,-0.3015398939077988,0.1714615802764344,-0.1300783136313644,-0.10982529652275907,1.6473639064493797,1.5375386099266206,200.0,-45.0,-50.0,1.0,25.0,78.30334375,9.607772795476752,2.4e-21
0.3677641778561463,-0.2957475410841357,0.1713982495685899,-0.12434929151554577,-0.10876535129978403,1.646755439397433,1.5379900880976491,200.0,-45.0,-50.0,1.0,25.0,78.30334375,9.607772795476752,2.4e-21
0.37134813063928546,-0.2900664549681675,0.1713343254220726,-0.11873212954609488,-0.10771563581359347,1.6461412707215497,1.5384256349079564,200.0,-45.0,-50.0,1.0,25.0,78.30334375,9.607772795476752,2.4e-21
0.37496700992784615,-0.2844944982107689,0.1712698025095058,-0.11322469570126309,-0.10667605133501501,1.6455213492375056,1.5388452979024907,200.0,-45.0,-50.0,1.0,25.0,78.30334375,9.607772795476752,2.4e-21
0.3786211560892537,-0.27902957451967153,0.17120467546026097,-0.10782489905941053,-0.1056465000877306,1.6448956233455219,1.5392491232577912,200.0,-45.0,-50.0,1.0,25.0,78.30334375,9.607772795476752,2.4e-21
0.38231091280789803,-0.27366962787079224,0.1711389388601983,-0.10253068901059395,-0.10462688523908036,1.644264041027772,1.5396371557886916,200.0,-45.0,-50.0,1.0,25.0,78.30334375,9.607772795476752,2.4e-21
0.38603662711745834,-0.2684126417347126,0.17107258725140745,-0.09734005448330516,-0.10361711089095518,1.6436265498458955,1.5400094389549406,200.0,-45.0,-50.0,1.0,25.0,78.30334375,9.607772795476752,2.4e-21
0.38979864943354275,-0.26325663831801605,0.17100561513194937,-0.0922510231860667,-0.1026170820707773,1.6429830969385104,1.5403660148677332,200.0,-45.0,-50.0,1.0,25.0,78.30334375,9.607772795476752,2.4e-21
0.393597333586646,-0.25819967781919834,0.170938016955598,-0.08726166086360036,-0.10162670472256757,1.6423336290187383,1.5407069242961708,200.0,-45.0,-50.0,1.0,25.0,78.30334375,9.607772795476752,2.4e-21
0.3974330368554287,-0.2532398576988722,0.1708697871315832,-0.082370070567289,-0.10064588569809937,1.6416780923717287,1.5410322066736293,200.0,-45.0,-50.0,1.0,25.0,78.30334375,9.607772795476752,2.4e-21
0.40130612000031995,-0.2483753119639898,0.1708009200243338,-0.07757439193965598,-0.09967453274813777,1.6410164328521946,1.5413419001040567,200.0,-45.0,-50.0,1.0,25.0,78.30334375,9.607772795476752,2.4e-21
0.40521694729744867,-0.2436042104658154,0.17073140995322167,-0.07287280051259373,-0.09871255451376293,1.6403485958819517,1.5416360413681887,200.0,-45.0,-50.0,1.0,25.0,78.30334375,9.607772795476752,2.4e-21
0.4091658865729044,-0.2389247582113839,0.17066125119230646,-0.06826350701907744,-0.09775986051777773,1.6396745264474661,1.5419146659296885,200.0,-45.0,-50.0,1.0,25.0,78.30334375,9.607772795476752,2.4e-21
0.41315330923733296,-0.23433519468818428,0.17059043797008128,-0.06374475671810301,-0.09681636115619803,1.6389941690974112,1.5421778079412134,200.0,-45.0,-50.0,1.0,25.0,78.30334375,9.607772795476752,2.4e-21
0.41717959032086865,-0.22983379320181663,0.17051896446921933,-0.05931482873259729,-0.09588196768982511,1.638307467940232,1.542425500250407,200.0,-45.0,-50.0,1.0,25.0,78.30334375,9.607772795476752,2.4e-21
0.4212451085084072,-0.22541886022637153,0.17044682482632112,-0.05497203540005043,-0.09495659223589936,1.6376143666417193,1.54265777440582,200.0,-45.0,-50.0,1.0,25.0,78.30334375,9.607772795476752,2.4e-21
0.425350246175222,-0.22108873476728924,0.1703740131316633,-0.05071472163562593,-0.09404014775983484,1.6369148084225937,1.542874660662759,200.0,-45.0,-50.0,1.0,25.0,78.30334375,9.607772795476752,2.4e-21
0.42949538942292814,-0.21684178773645624,0.17030052342894836,-0.04654126430750789,-0.09313254806703321,1.6362087360561013,1.5430761879890682,200.0,-45.0,-50.0,1.0,25.0,78.30334375,9.607772795476752,2.4e-21
0.43368092811579617,-0.21267642133930734,0.17022634971505518,-0.042450071624252156,-0.09223370779477694,1.6354960918656192,1.5432623840708422,200.0,-45.0,-50.0,1.0,25.0,78.30334375,9.607772795476752,2.4e-21
0.4379072559174205,-0.20859106847369951,0.1701514859397916,-0.038439582533907946,-0.09134354240420053,1.634776817722275,1.5434332753180746,200.0,-45.0,-50.0,1.0,25.0,78.30334375,9.607772795476752,2.4e-21
0.4421747703277445,-0.20458419214033463,0.1700759260056476,-0.034508266134687014,-0.09046196817233962,1.6340508550425783,1.5435888868702385,200.0,-45.0,-50.0,1.0,25.0,78.30334375,9.607772795476752,2.4e-21
0.44648387272044654,-0.20065428486450584,0.16999966376755032,-0.03065462109695551,-0.08958890218425623,1.6333181447860647,1.5437292426018085,200.0,-45.0,-50.0,1.0,25.0,78.30334375,9.607772795476752,2.4e-21
0.4508349683806908,-0.19679986812895306,0.1699226930326204,-0.026877175096332646,-0.08872426232524068,1.6325786274529572,1.5438543651277166,200.0,-45.0,-50.0,1.0,25.0,78.30334375,9.607772795476752,2.4e-21
0.45522846654324545,-0.19301949181761233,0.16984500755993007,-0.023174484257682256,-0.08786796727308815,1.6318322430818395,1.5439642758087513,200.0,-45.0,-50.0,1.0,25.0,78.30334375,9.607772795476752,2.4e-21
0.4596647804309727,-0.18931173367004986,0.16976660106026265,-0.019545132609787214,-0.08701993649045024,1.631078931247346,1.5440589947568957,200.0,-45.0,-50.0,1.0,25.0,78.30334375,9.607772795476752,2.4e-21
0.4641443272936935,-0.1856751987463772,0.16968746719587396,-0.015987731550503228,-0.08618009021726009,1.6303186310578717,1.5441385408406116,200.0,-45.0,-50.0,1.0,25.0,78.30334375,9.607772795476752,2.4e-21
0.4686675284474316,-0.18210851890244378,0.16960759958025567,-0.012500919322188091,-0.0853483494632307,1.6295512811532948,1.544202931690064,200.0,-45.0,-50.0,1.0,25.0,78.30334375,9.607772795476752,2.4e-21
0.47323480931403933,-0.17861035227511116,0.16952699177790032,-0.009083360497210832,-0.08452463600042562,1.628776819702722,1.5442521837022962,200.0,-45.0,-50.0,1.0,25.0,78.30334375,9.607772795476752,2.4e-21
0.47784659946121016,-0.17517938277741496,0.1694456373040684,-0.0057337454733465566,-0.08370887235590144,1.627995184402249,1.5442863120463475,200.0,-45.0,-50.0,1.0,25.0,78.30334375,9.607772795476752,2.4e-21
0.48250333264288087,-0.1718143196034239,0.16936352962455775,-0.0024507899788661354,-0.08290098180442108,1.6272063124727472,1.544305330668326,200.0,-45.0,-50.0,1.0,25.0,78.30334375,9.607772795476752,2.4e-21
0.4872054468400275,-0.1685138967426102,0.169280662155475,0.0007667654128648183,-0.08210088836123766,1.6264101406576636,1.544309252296426,200.0,-45.0,-50.0,1.0,25.0,78.30334375,9.607772795476752,2.4e-21
0.491953384301859,-0.1652768725035489,0.1691970282630091,0.003920155759460231,-0.08130851677494771,1.62560660522085,1.5442980884459023,200.0,-45.0,-50.0,1.0,25.0,78.30334375,9.607772795476752,2.4e-21
0.496747591587412,-0.1621020290467661,0.16911262126320784,0.0070105922164417495,-0.08052379252041378,1.6247956419444116,1.5442718494239978,200.0,-45.0,-50.0,1.0,25.0,78.30334375,9.607772795476752,2.4e-21
0.5015885196075515,-0.1589881719265614,0.16902743442175602,0.01003926249519462,-0.07974664179175482,1.6239771861265782,1.5442305443348234,200.0,-45.0,-50.0,1.0,25.0,78.30334375,9.607772795476752,2.4e-21
0.5064766236673799,-0.15593412964163106,0.16894146095375706,0.013007331312126011,-0.07897699149540481,1.623151172579605,1.5441741810842002,200.0,-45.0,-50.0,1.0,25.0,78.30334375,9.607772795476752,2.4e-21
0.5114123635090607,-0.15293875319432318,0.16885469402351674,0.015915940829193575,-0.07821476924323774,1.622317535627695,1.5441027663844573,200.0,-45.0,-50.0,1.0,25.0,78.30334375,9.607772795476752,2.4e-21
0.5163962033550584,-0.15000091565836016,0.1687671267443299,0.018766211085969754,-0.07745990334575951,1.6214762091049497,1.5440163057591905,200.0,-45.0,-50.0,1.0,25.0,78.30334375,9.607772795476752,2.4e-21
0.5214286119517999,-0.14711951175486399,0.1686787521782702,0.021559240423406203,-0.07671232280536525,1.6206271263533494,1.543914803547984,200.0,-45.0,-50.0,1.0,25.0,78.30334375,9.607772795476752,2.4e-21
0.526510062613762,-0.14429345743652622,0.16858956333598274,0.02429610589945653,-0.07597195730966164,1.61977022022076,1.5437982629110985,200.0,-45.0,-50.0,1.0,25.0,78.30334375,9.607772795476752,2.4e-21
0.5316410332679876,-0.14152168947976593,0.16849955317647988,0.026977863696713945,-0.07523873722485404,1.6189054230589714,1.5436666858341175,200.0,-45.0,-50.0,1.0,25.0,78.30334375,9.607772795476752,2.4e-21
0.5368220064990376,-0.13880316508472068,0.16840871460694012,0.029605549522219436,-0.0745125935891969,1.6180326667217677,1.543520073132571,200.0,-45.0,-50.0,1.0,25.0,78.30334375,9.607772795476752,2.4e-21
0.5420534695943776,-0.13613686148292367,0.16831704048251103,0.03218017899958736,-0.07379345810650798,1.6171518825630289,1.5433584244565208,200.0,-45.0,-50.0,1.0,25.0,78.30334375,9.607772795476752,2.4e-21
0.547335914590211,-0.13352177555251488,0.1682245236061147,0.03470274805359983,-0.07308126313974461,1.6162630014348656,1.543181738295121,200.0,-45.0,-50.0,1.0,25.0,78.30334375,9.607772795476752,2.4e-21
0.5526698383177548,-0.1309569234408451,0.16813115672825754,0.03717423328741243,-0.07237594170464247,1.6153659536857907,1.5429900119811482,200.0,-45.0,-50.0,1.0,25.0,78.30334375,9.607772795476752,2.4e-21
0.5580557424499696,-0.12844134019432865,0.1680369325468435,0.039595592352514815,-0.0716774274634152,1.6144606691589247,1.5427832416955096,200.0,-45.0,-50.0,1.0,25.0,78.30334375,9.607772795476752,2.4e-21
0.5634941335487423,-0.12597407939540703,0.16794184370699136,0.041967764311584346,-0.07098565471851535,1.61354707719024,1.5425614224717246,200.0,-45.0,-50.0,1.0,25.0,78.30334375,9.607772795476752,2.4e-21
0.568985523112531,-0.12355421280648578,0.16784588280085586,0.044291669994370085,-0.07030055840645529,1.6126251066068422,1.542324548200387,200.0,-45.0,-50.0,1.0,25.0,78.30334375,9.607772795476752,2.4e-21
0.5745304276244726,-0.12118083002071099,0.16774904236745303,0.04656821234674204,-0.06962207409168762,1.611694685725292,1.5420726116336043,200.0,-45.0,-50.0,1.0,25.0,78.30334375,9.607772795476752,2.4e-21
0.5801293686009595,-0.11885303811945457,0.1676513148924897,0.04879827677303512,-0.06895013796054496,1.6107557423499685,1.5418056043894235,200.0,-45.0,-50.0,1.0,25.0,78.30334375,9.607772795476752,2.4e-21
0.5857828726406907,-0.11656996133637836,0.1675526928081976,0.05098273147181924,-0.06828468681523797,1.6098082037714743,1.5415235169562362,200.0,-45.0,-50.0,1.0,25.0,78.30334375,9.607772795476752,2.4e-21
0.5914914714741993,-0.11433074072795192,0.16745316849317207,0.053122427765220165,-0.06762565806791146,1.6088519967650834,1.5412263386971718,200.0,-45.0,-50.0,1.0,25.0,78.30334375,9.607772795476752,2.4e-21
0.5972557020138638,-0.11213453385029895,0.167352734272215,0.05521820042191603,-0.06697298973475768,1.607887047589237,1.5409140578544793,200.0,-45.0,-50.0,1.0,25.0,78.30334375,9.607772795476752,2.4e-21
0.6030761064044066,-0.10998051444225168,0.1672513824161833,0.057270867973931605,-0.06632662043018676,1.6069132819840846,1.5405866615538977,200.0,-45.0,-50.0,1.0,25.0,78.30334375,9.607772795476752,2.4e-21
0.6089532320738844,-0.10786787211449296,0.16714910514184161,0.05928123302734864,-0.06568648936105292,1.605930625170069,1.540244135809016,200.0,-45.0,-50.0,1.0,25.0,78.30334375,9.607772795476752,2.4e-21
0.6148876317851756,-0.1057958120446703,0.16704589461172095,0.061250082567050654,-0.06505253632093688,1.6049390018465692,1.5398864655256324,200.0,-45.0,-50.0,1.0,25.0,78.30334375,9.607772795476752,2.4e-21
0.6208798636879693,-0.10376355467836623,0.16694174293398206,0.06317818825561584,-0.06442470168448317,1.6039383361905861,1.5395136345061031,200.0,-45.0,-50.0,1.0,25.0,78.30334375,9.607772795476752,2.4e-21
0.6269304913712613,-0.10177033543581275,0.16683664216228442,0.06506630672647166,-0.06380292640179219,1.6029285518554859,1.5391256254536938,200.0,-45.0,-50.0,1.0,25.0,78.30334375,9.607772795476752,2.4e-21
0.6330400839163615,-0.09981540442423983,0.1667305842956609,0.06691517987142107,-0.06318715199286636,1.6019095719697942,1.5387224199769278,200.0,-45.0,-50.0,1.0,25.0,78.30334375,9.607772795476752,2.4e-21
0.6392092159504176,-0.09789802615574908,0.16662356127839836,0.06872553512264928,-0.06257732054210985,1.6008813191360491,1.5383039985939393,200.0,-45.0,-50.0,1.0,25.0,78.30334375,9.607772795476752,2.4e-21
0.645438467700461,-0.09601747927060729,0.16651556499992376,0.07049808572931648,-0.061973374692881555,1.5998437154297083,1.5378703407368266,200.0,-45.0,-50.0,1.0,25.0,78.30334375,9.607772795476752,2.4e-21
0.6517284250479788,-0.094173056265855,0.16640658729469687,0.07223353102884188,-0.06137525764210036,1.5987966823981161,1.5374214247560158,200.0,-45.0,-50.0,1.0,25.0,78.30334375,9.607772795476752,2.4e-21
0.6580796795840179,-0.09236406322912834,0.16629661994210906,0.07393255671298073,-0.06078291313490275,1.5977401410595322,1.5369572279246295,200.0,-45.0,-50.0,1.0,25.0,78.30334375,9.607772795476752,2.4e-21
0.6644928286648264,-0.09058981957759404,0.1661856546663885,0.07559583508879444,-0.060196285459351746,1.5966740119022214,1.5364777264428695,200.0,-45.0,-50.0,1.0,25.0,78.30334375,9.607772795476752,2.4e-21
0.6709684754680364,-0.0888496578018993,0.16607368313651213,0.07722402533461284,-0.059615319441197086,1.5955982148836074,1.5359828954424104,200.0,-45.0,-50.0,1.0,25.0,78.30334375,9.607772795476752,2.4e-21
0.6775072290493949,-0.08714292321504,0.16596069696612448,0.07881777375108448,-0.05903996043868594,1.5945126694294922,1.535472708990806,200.0,-45.0,-50.0,1.0,25.0,78.30334375,9.607772795476752,2.4e-21
0.6841097044000481,-0.08546897370605315,0.16584668771346356,0.0803777140074104,-0.05847015433742352,1.5934172944333436,1.53494714009592,200.0,-45.0,-50.0,1.0,25.0,78.30334375,9.607772795476752,2.4e-21
0.6907765225043825,-0.08382717949844092,0.16573164688129358,0.08190446738285265,-0.0579058475452837,1.592312008255652,1.5344061607103683,200.0,-45.0,-50.0,1.0,25.0,78.30334375,9.607772795476752,2.4e-21
0.6975083103984311,-0.08221692291323442,0.1656155659168458,0.0833986430036114,-0.05734698698736819,1.5911967287233577,1.5338497417359898,200.0,-45.0,-50.0,1.0,25.0,78.30334375,9.607772795476752,2.4e-21
0.7043057012288478,-0.08063759813660974,0.16549843621176624,0.0848608380751565,-0.05679352010101496,1.5900713731293525,1.5332778530283375,200.0,-45.0,-50.0,1.0,25.0,78.30334375,9.607772795476752,2.4e-21
0.7111693343124572,-0.07908861099196737,0.16538024910207177,0.08629163811010439,-0.056245394830854334,1.5889358582320539,1.5326904634011995,200.0,-45.0,-50.0,1.0,25.0,78.30334375,9.607772795476752,2.4e-21
0.7180998551963844,-0.07756937871638997,0.1652609958681137,0.08769161715172374,-0.05570255962391314,1.5877901002550587,1.5320875406311458,200.0,-45.0,-50.0,1.0,25.0,78.30334375,9.607772795476752,2.4e-21
0.7250979157187705,-0.07607932974139413,0.16514066773455013,0.08906133799315599,-0.055164963424765956,1.586634014886876,1.53146905146211,200.0,-45.0,-50.0,1.0,25.0,78.30334375,9.607772795476752,2.4e-21
0.7321641740700805,-0.07461790347789381,0.16501925587032623,0.09040135239243242,-0.054632555670733114,1.5854675172807375,1.5308349616100043,200.0,-45.0,-50.0,1.0,25.0,78.30334375,9.607772795476752,2.4e-21
0.7392992948550081,-0.07318455010529444,0.16489675138866353,0.09171220128336907,-0.0541052862871252,1.5842905220544945,1.5301852357673693,200.0,-45.0,-50.0,1.0,25.0,78.30334375,9.607772795476752,2.4e-21
0.746503949154984,-0.07177873036463842,0.1647731453470579,0.09299441498241946,-0.05358310568253334,1.5831029432905996,1.5295198376080663,200.0,-45.0,-50.0,1.0,25.0,78.30334375,9.607772795476752,2.4e-21
0.7537788145912931,-0.07039991535572389,0.16464842874728655,0.09424851339156268,-0.05306596474416494,1.581904694536172,1.5288387297920072,200.0,-45.0,-50.0,1.0,25.0,78.30334375,9.607772795476752,2.4e-21
0.7611245753888074,-0.06904758633812116,0.16452259253542453,0.09547500619730337,-0.052553814833224494,1.5806956888031587,1.528141873969934,200.0,-45.0,-50.0,1.0,25.0,78.30334375,9.607772795476752,2.4e-21
0.7685419224403393,-0.06772123453601091,0.16439562760187065,0.09667439306585976,-0.05204660778033893,1.57947583856858,1.527429230788241,200.0,-45.0,-50.0,1.0,25.0,78.30334375,9.607772795476752,2.4e-21
0.7760315533716219,-0.06642036094677184,0.1642675247813831,0.09784716383461126,-0.051544295881027165,1.5782450557748755,1.5267007598938485,200.0,-45.0,-50.0,1.0,25.0,78.30334375,9.607772795476752,2.4e-21
0.7835941726069241,-0.06514447615324466,0.16413827485312518,0.09899379869988051,-0.05104683189121326,1.5770032518303418,1.5259564199391287,200.0,-45.0,-50.0,1.0,25.0,78.30334375,9.607772795476752,2.4e-21
0.791230491435303,-0.06389310013960292,0.16400786854072133,0.10011476840111842,-0.050554169022783035,1.57575033760967,1.525196168586887,200.0,-45.0,-50.0,1.0,25.0,78.30334375,9.607772795476752,2.4e-21
0.7989412280775033,-0.06266576211076029,0.1638762965123236,0.10121053440156333,-0.0500662609391835,1.5744862234545844,1.524419962515401,200.0,-45.0,-50.0,1.0,25.0,78.30334375,9.607772795476752,2.4e-21
0.8067271077535085,-0.06146200031524725,0.1637435493806886,0.10228154906544135,-0.049583061751064646,1.5732108191745842,1.5236277574235195,200.0,-45.0,-50.0,1.0,25.0,78.30334375,9.607772795476752,2.4e-21
0.81458886275075,-0.06028136187149008,0.16360961770326599,0.1033282558317759,-0.04910452601196353,1.5719240340477905,1.5228195080358269,200.0,-45.0,-50.0,1.0,25.0,78.30334375,9.607772795476752,2.4e-21
0.8225272324929809,-0.05912340259742686,0.16347449198229771,0.10435108938487084,-0.048630608714029834,1.5706257768219023,1.5219951681078725,200.0,-45.0,-50.0,1.0,25.0,78.30334375,9.607772795476752,2.4e-21
0.8305429636098218,-0.05798768684339635,0.16333816266492895,0.10535047582153262,-0.048161265283792686,1.5693159557152607,1.5211546904314681,200.0,-45.0,-50.0,1.0,25.0,78.30334375,9.607772795476752,2.4e-21
0.8386368100069833,-0.05687378732823722,0.16320062014333095,0.10632683281509374,-0.047696451577968445,1.5679944784180302,1.5202980268400619,200.0,-45.0,-50.0,1.0,25.0,78.30334375,9.607772795476752,2.4e-21
0.8468095329371734,-0.05578128497853532,0.16306185475483567,0.10728056977630036,-0.04723612387930887,1.5666612520934915,1.5194251282141826,200.0,-45.0,-50.0,1.0,25.0,78.30334375,9.607772795476752,2.4e-21
0.8550619010716959,-0.05470976877095925,0.16292185678208285,0.10821208801112361,-0.04678023889248931,1.5653161833794553,1.518535944486966,200.0,-45.0,-50.0,1.0,25.0,78.30334375,9.607772795476752,2.4e-21
0.8633946905727462,-0.053658835577624256,0.1627806164531799,0.10912178087555563,-0.04632875374003677,1.5639591783897968,1.51763042464976,200.0,-45.0,-50.0,1.0,25.0,78.30334375,9.607772795476752,2.4e-21
0.8718086851664124,-0.05262809001442671,0.162638123941874,0.11001003392744728,-0.04588162595829696,1.5625901427161129,1.516708516757816,200.0,-45.0,-50.0,1.0,25.0,78.30334375,9.607772795476752,2.4e-21
0.8803046762163869,-0.05161714429229195,0.16249436936773828,0.11087722507544633,-0.04543881349344058,1.5612089814295065,1.5157701679360658,200.0,-45.0,-50.0,1.0,25.0,78.30334375,9.607772795476752,2.4e-21
0.8888834627983964,-0.05062561807127954,0.1623493427963707,0.11172372472509115,-0.04500027469750803,1.5598155990824998,1.5148153243849918,200.0,-45.0,-50.0,1.0,25.0,78.30334375,9.607772795476752,2.4e-21
0.8975458517753586,-0.04965313831749104,0.16220303423960708,0.11254989592211603,-0.044565968324492194,1.558409899711081,1.5138439313865888,200.0,-45.0,-50.0,1.0,25.0,78.30334375,9.607772795476752,2.4e-21
0.9062926578732692,-0.04869933916272649,0.16205543365574798,0.11335609449302148,-0.0441358535264592,1.556991786836883,1.512855933310424,200.0,-45.0,-50.0,1.0,25.0,78.30334375,9.607772795476752,2.4e-21
0.9151247037578305,-0.04776386176683673,0.16190653094979998,0.11414266918296327,-0.04370988984970643,1.5555611634695032,1.5118512736197969,200.0,-45.0,-50.0,1.0,25.0,78.30334375,9.607772795476752,2.4e-21
0.924042820111825,-0.0468463541827199,0.16175631597373175,0.11490996179101184,-0.043288037230957886,1.5541179321089615,1.5108298948780037,200.0,-45.0,-50.0,1.0,25.0,78.30334375,9.607772795476752,2.4e-21
0.9330478457132442,-0.045946471223911246,0.1616047785267448,0.11565830730283354,-0.042870255993595965,1.5526619947483042,1.5097917387547082,200.0,-45.0,-50.0,1.0,25.0,78.30334375,9.607772795476752,2.4e-21
0.9421406275141785,-0.045063874334716376,0.1614519083555598,0.11638803402084341,-0.042456506843929764,1.5511932528763532,1.5087367460324235,200.0,-45.0,-50.0,1.0,25.0,78.30334375,9.607772795476752,2.4e-21
0.9513220207204757,-0.04419823146283917,0.1612976951547184,0.11709946369187922,-0.04204675086749946,1.5497116074806057,1.5076648566131063,200.0,-45.0,-50.0,1.0,25.0,78.30334375,9.607772795476752,2.4e-21
0.9605928888721756,-0.043349216934456494,0.16114212856690088,0.11779291163244437,-0.0416409495254162,1.5482169590502874,1.5065760095248713,200.0,-45.0,-50.0,1.0,25.0,78.30334375,9.607772795476752,2.4e-21
0.9699541039247294,-0.04251651133169252,0.1609851981832602,0.1184686868515677,-0.04123906465073743,1.5467092075795612,1.5054701429288238,200.0,-45.0,-50.0,1.0,25.0,78.30334375,9.607772795476752,2.4e-21
0.9794065463310097,-0.04169980137244667,0.16082689354377266,0.119127092171326,-0.0408410584448771,1.545188252570895,1.5043471941260178,200.0,-45.0,-50.0,1.0,25.0,78.30334375,9.607772795476752,2.4e-21
0.9889511051241195,-0.04089877979253018,0.1606672041376053,0.11976842434507513,-0.04044689347405073,1.5436539930385942,1.5032070995645435,200.0,-45.0,-50.0,1.0,25.0,78.30334375,9.607772795476752,2.4e-21
0.9985886780010095,-0.04011314523006635,0.1605061194035007,0.12039297417343435,-0.040056532665754464,1.5421063275124975,1.502049794846743,200.0,-45.0,-50.0,1.0,25.0,78.30334375,9.607772795476752,2.4e-21
1.0083201714069083,-0.03934260211211187,0.16034362873017957,0.1210010266180677,-0.039669939305278436,1.5405451540418438,1.5008752147365652,200.0,-45.0,-50.0,1.0,25.0,78.30334375,9.607772795476752,2.4e-21
1.0181465006205779,-0.038586860543455545,0.1601797214567609,0.12159286091330537,-0.03928707703225352,1.5389703701993116,1.499683293167058,200.0,-45.0,-50.0,1.0,25.0,78.30334375,9.607772795476752,2.4e-21
1.028068589840398,-0.03784563619755352,0.16001438687320113,0.1221687506756476,-0.03890790983723156,1.537381873085234,1.4984739632480022,200.0,-45.0,-50.0,1.0,25.0,78.30334375,9.607772795476752,2.4e-21
1.0380873722712896,-0.03711865020955931,0.15984761422075094,0.12272896401119163,-0.038532402058298575,1.5357795593319938,1.4972471572736952,200.0,-45.0,-50.0,1.0,25.0,78.30334375,9.607772795476752,2.4e-21
1.0482037902124859,-0.03640562907140887,0.15967939269243242,0.12327376362102356,-0.03816051837772064,1.5341633251086013,1.4960028067308808,200.0,-45.0,-50.0,1.0,25.0,78.30334375,9.607772795476752,2.4e-21
1.0584187951461597,-0.03570630452892068,0.1595097114335346,0.12380340690461393,-0.0377922238186221,1.5325330661254608,1.4947408423068385,200.0,-45.0,-50.0,1.0,25.0,78.30334375,9.607772795476752,2.4e-21
1.0687333478269119,-0.03502041348087283,0.15933855954212942,0.1243181460612566,-0.037427483741695924,1.5308886776393233,1.4934611938976274,200.0,-45.0,-50.0,1.0,25.0,78.30334375,9.607772795476752,2.4e-21
1.0791484183721354,-0.03434769788001833,0.15916592606960733,0.12481822818958901,-0.03706626384194573,1.5292300544584372,1.4921637906164915,200.0,-45.0,-50.0,1.0,25.0,78.30334375,9.607772795476752,2.4e-21
1.0896649863532557,-0.03368790463600238,0.15899180002123442,0.125303895385232,-0.036708530145459314,1.527557090947896,1.4908485608024367,200.0,-45.0,-50.0,1.0,25.0,78.30334375,9.607772795476752,2.4e-21
1.1002840408878645,-0.03304078552014402,0.15881617035672926,0.12577538483658524,-0.036354249006213306,1.5258696810351846,1.4895154320289714,200.0,-45.0,-50.0,1.0,25.0,78.30334375,9.607772795476752,2.4e-21
1.1110065807327487,-0.032406097072047085,0.15863902599086224,0.12623292891881516,-0.036003387102908575,1.5241677182159354,1.4881643311130268,200.0,-45.0,-50.0,1.0,25.0,78.30334375,9.607772795476752,2.4e-21
1.1218336143778267,-0.031783600508005175,0.1584603557940759,0.12667675528607072,-0.03565591143583638,1.5224510955598893,1.486795184124053,200.0,-45.0,-50.0,1.0,25.0,78.30334375,9.607772795476752,2.4e-21
1.1327661601410008,-0.031173061631165823,0.15828014859312786,0.12710708696196205,-0.03531178932377448,1.5207197057170718,1.4854079163932974,200.0,-45.0,-50.0,1.0,25.0,78.30334375,9.607772795476752,2.4e-21
1.1438052462639325,-0.030574250743420673,0.1580983931717562,0.1275241424283355,-0.034970988400913505,1.5189734409241868,1.4840024525232733,200.0,-45.0,-50.0,1.0,25.0,78.30334375,9.607772795476752,2.4e-21
1.1549519110087523,-0.02998694255898791,0.15791507827136766,0.12792813571237974,-0.034633476613812775,1.5172121930112281,1.4825787163974151,200.0,-45.0,-50.0,1.0,25.0,78.30334375,9.607772795476752,2.4e-21
1.166207202755712,-0.02941091611965485,0.15773019259174956,0.12831927647209473,-0.03429922221838557,1.5154358534083203,1.4811366311899348,200.0,-45.0,-50.0,1.0,25.0,78.30334375,9.607772795476752,2.4e-21
1.1775721801017873,-0.028845954711648632,0.15754372479180528,0.12869777008015668,-0.033968193776913506,1.5136443131527832,1.4796761193758696,200.0,-45.0,-50.0,1.0,25.0,78.30334375,9.607772795476752,2.4e-21
1.1890479119602442,-0.02829184578410366,0.1573556634903142,0.12906381770621053,-0.0336403601550897,1.511837462896435,1.4781971027413454,200.0,-45.0,-50.0,1.0,25.0,78.30334375,9.607772795476752,2.4e-21
1.2006354776611716,-0.02774838086909543,0.15716599726671615,0.1294176163976207,-0.033315690519090516,1.510015192913129,1.4766995023940384,200.0,-45.0,-50.0,1.0,25.0,78.30334375,9.607772795476752,2.4e-21
1.2123359670529974,-0.02721535550321024,0.15697471466192103,0.1297593591587108,-0.0329941543326755,1.5081773931065308,1.4751832387738553,200.0,-45.0,-50.0,1.0,25.0,78.30334375,9.607772795476752,2.4e-21
1.224150480604991,-0.026692569150621633,0.15678180417914425,0.1300892350285226,-0.032675721354315436,1.5063239530181456,1.4736482316638304,200.0,-45.0,-50.0,1.0,25.0,78.30334375,9.607772795476752,2.4e-21
1.236080129510767,-0.026179825127644368,0.1565872542847677,0.13040742915712333,-0.03236036163434789,1.5044547618355912,1.4720944002012435,200.0,-45.0,-50.0,1.0,25.0,78.30334375,9.607772795476752,2.4e-21
1.2481260357927975,-0.025676930528737717,0.15639105340922743,0.1307141228804897,-0.03204804551216047,1.5025697084011274,1.4705216628889668,200.0,-45.0,-50.0,1.0,25.0,78.30334375,9.607772795476752,2.4e-21
1.2602893324079392,-0.02518369615393021,0.15619318994792866,0.13100949379399845,-0.031738743613401094,1.500668681220442,1.4689299376070408,200.0,-45.0,-50.0,1.0,25.0,78.30334375,9.607772795476752,2.4e-21
1.2725711633539938,-0.024699936437638424,0.15599365226218717,0.13129371582454877,-0.031432426847215235,1.4987515684717023,1.4673191416244873,200.0,-45.0,-50.0,1.0,25.0,78.30334375,9.607772795476752,2.4e-21
1.2849726837773048,-0.02422546937885316,0.1557924286801995,0.13156695930134635,-0.031129066403509865,1.496818258014873,1.4656891916113632,200.0,-45.0,-50.0,1.0,25.0,78.30334375,9.607772795476752,2.4e-21
1.2974950600814015,-0.023760116472666654,0.15558950749804096,0.1318293910253743,-0.030828633750243722,1.4948686374013043,1.4640400036510606,200.0,-45.0,-50.0,1.0,25.0,78.30334375,9.607772795476752,2.4e-21
1.310139470036704,-0.023303702643115157,0.15538487698069245,0.1320811743375773,-0.030531100630743827,1.4929025938835987,1.4623714932528549,200.0,-45.0,-50.0,1.0,25.0,78.30334375,9.607772795476752,2.4e-21
1.3229071028912966,-0.022856056177311446,0.15517852536309662,0.13232246918578516,-0.03023643906104782,1.4909200144257588,1.460683575364711,200.0,-45.0,-50.0,1.0,25.0,78.30334375,9.607772795476752,2.4e-21
1.33579915948278,-0.022417008660842754,0.15497044085124362,0.13255343219040086,-0.02994462132727195,1.4889207857136175,1.4589761643863457,200.0,-45.0,-50.0,1.0,25.0,78.30334375,9.607772795476752,2.4e-21
1.3488168523512134,-0.02198639491440953,0.1547606116232874,0.13277421670887785,-0.029655619983004592,1.4869047941655638,1.4572491741825593,200.0,-45.0,-50.0,1.0,25.0,78.30334375,9.607772795476752,2.4e-21
1.3619614058531588,-0.021564052931681392,0.15454902583069205,0.13298497289901065,-0.029369407846724725,1.484871925943557,1.4555025180968322,200.0,-45.0,-50.0,1.0,25.0,78.30334375,9.607772795476752,2.4e-21
1.3752340562768353,-0.021149823818346777,0.15433567159941014,0.13318584778106338,-0.029085957999245463,1.4828220669644467,1.4537361089652014,200.0,-45.0,-50.0,1.0,25.0,78.30334375,9.607772795476752,2.4e-21
1.3886360519583967,-0.020743551732333387,0.154120537031092,0.1333769852987586,-0.0288052437811822,1.4807551029115933,1.4519498591304112,200.0,-45.0,-50.0,1.0,25.0,78.30334375,9.607772795476752,2.4e-21
1.4021686533993405,-0.020345083825177055,0.1539036102043276,0.13355852637915056,-0.02852723879044522,1.478670919246797,1.4501436804563517,200.0,-45.0,-50.0,1.0,25.0,78.30334375,9.607772795476752,2.4e-21
1.4158331333850631,-0.01995427018451676,0.153684879175921,0.1337306089914042,-0.028251916879756502,1.4765694012225452,1.4483174843427886,200.0,-45.0,-50.0,1.0,25.0,78.30334375,9.607772795476752,2.4e-21
1.4296307771045687,-0.0195709637776943,0.15346433198219797,0.13389336820450365,-0.027979252154190472,1.4744504338945745,1.4464711817403841,200.0,-45.0,-50.0,1.0,25.0,78.30334375,9.607772795476752,2.4e-21
1.4435628822713455,-0.019195020396437446,0.15324195664034732,0.13404693624390987,-0.027709218968738503,1.472313902134757,1.4446046831660184,200.0,-45.0,-50.0,1.0,25.0,78.30334375,9.607772795476752,2.4e-21
1.4576307592454223,-0.01882629860260551,0.1530177411497963,0.1341914425471908,-0.0274417919258969,1.4701596906443162,1.4427178987184193,200.0,-45.0,-50.0,1.0,25.0,78.30334375,9.607772795476752,2.4e-21
1.471835731156608,-0.018464659674977346,0.15279167349362088,0.13432701381864354,-0.027176945873278218,1.467987683967377,1.4408107380940987,200.0,-45.0,-50.0,1.0,25.0,78.30334375,9.607772795476752,2.4e-21
1.486179134028939,-0.01810996755706131,0.15256374163999123,0.13445377408292994,-0.02691465590124556,1.4657977665048514,1.438883110603606,200.0,-45.0,-50.0,1.0,25.0,78.30334375,9.607772795476752,2.4e-21
1.5006623169063364,-0.017762088805907853,0.15233393354365288,0.13457184473774503,-0.026654897340569784,1.4635898225286714,1.4369349251881016,200.0,-45.0,-50.0,1.0,25.0,78.30334375,9.607772795476752,2.4e-21
1.5152866419794873,-0.017420892541905347,0.15210223714744403,0.13468134460553868,-0.026397645760109254,1.4613637361963663,1.4349660904362571,200.0,-45.0,-50.0,1.0,25.0,78.30334375,9.607772795476752,2.4e-21
1.5300534847139642,-0.017086250399540297,0.15186864038385,0.13478238998430972,-0.026142876964511997,1.4591193915659961,1.4329765146014841,200.0,-45.0,-50.0,1.0,25.0,78.30334375,9.607772795476752,2.4e-21
1.544964233979591,-0.016758036479103438,0.15163313117659466,0.13487509469749123,-0.025890566991940086,1.456856672611444,1.430966105619504,200.0,-45.0,-50.0,1.0,25.0,78.30334375,9.607772795476752,2.4e-21
1.5600202921810709,-0.01643612729932352,0.15139569744226994,0.1349595701429464,-0.02564069211181595,1.4545754632380703,1.4289347711262543,200.0,-45.0,-50.0,1.0,25.0,78.30334375,9.607772795476752,2.4e-21
1.575223075389888,-0.0161204017509109,0.15115632709200347,0.13503592534109257,-0.025393228822590402,1.4522756472987368,1.4268824184761464,200.0,-45.0,-50.0,1.0,25.0,78.30334375,9.607772795476752,2.4e-21
1.5905740134774924,-0.015810741050993626,0.15091500803316543,0.13510426698217182,-0.025148153849532277,1.4499571086102025,1.4248089547606702,200.0,-45.0,-50.0,1.0,25.0,78.30334375,9.607772795476752,2.4e-21
1.6060745502497857,-0.01550702869842865,0.1506717281711146,0.13516469947268592,-0.02490544414253932,1.447619730969903,1.4227142868273637,200.0,-45.0,-50.0,1.0,25.0,78.30334375,9.607772795476752,2.4e-21
1.621726143582914,-0.015209150429971634,0.15042647541098444,0.1352173249810128,-0.024665076873970317,1.445263398173109,1.4205983212991387,200.0,-45.0,-50.0,1.0,25.0,78.30334375,9.607772795476752,2.4e-21
1.6375302655603865,-0.014916994177288534,0.15017923765950988,0.13526224348222135,-0.024427029436498035,1.4428879940304766,1.4184609645939785,200.0,-45.0,-50.0,1.0,25.0,78.30334375,9.607772795476752,2.4e-21
1.6534884026115306,-0.014630450024793065,0.1499300028268949,0.13529955280210182,-0.024191279440982916,1.4404934023859934,1.4163021229450103,200.0,-45.0,-50.0,1.0,25.0,78.30334375,9.607772795476752,2.4e-21
1.6696020556512938,-0.01434941016829407,0.1496787588287218,0.13532934866042776,-0.023957804714367356,1.4380795071353194,1.4141217024209518,200.0,-45.0,-50.0,1.0,25.0,78.30334375,9.607772795476752,2.4e-21
1.685872740221412,-0.01407376887443717,0.14942549358790277,0.1353517247134656,-0.023726583297590215,1.4356461922445383,1.411919608946948,200.0,-45.0,-50.0,1.0,25.0,78.30334375,9.607772795476752,2.4e-21
1.702301986632949,-0.013803422440925611,0.14917019503667375,0.13536677259574814,-0.023497593443521498,1.4331933417693155,1.409695748325794,200.0,-45.0,-50.0,1.0,25.0,78.30334375,9.607772795476752,2.4e-21
1.7188913401102277,-0.013538269157505148,0.14891285111863195,0.13537458196112678,-0.023270813614916994,1.4307208398744717,1.4074500262595548,200.0,-45.0,-50.0,1.0,25.0,78.30334375,9.607772795476752,2.4e-21
1.7356423609361644,-0.013278209267698451,0.1486534497908167,0.13537524052311828,-0.0230462224823926,1.428228570853978,1.4051823483715853,200.0,-45.0,-50.0,1.0,25.0,78.30334375,9.607772795476752,2.4e-21
1.7525566245990172,-0.013023144931274502,0.14839197902583504,0.13536883409456052,-0.022823798922418242,1.4257164191513747,1.4028926202289564,200.0,-45.0,-50.0,1.0,25.0,78.30334375,9.607772795476752,2.4e-21
1.769635721940568,-0.012772980187438956,0.14812842681403163,0.13535544662659268,-0.022603522015331116,1.4231842693806223,1.4005807473652911,200.0,-45.0,-50.0,1.0,25.0,78.30334375,9.607772795476752,2.4e-21
1.786881259305744,-0.012527620918731623,0.1478627811657045,0.1353351602469729,-0.022385371043368144,1.4206320063473883,1.39824663530402,200.0,-45.0,-50.0,1.0,25.0,78.30334375,9.607772795476752,2.4e-21
1.8042948586937,-0.012286974815617373,0.14759503011336636,0.135308055297749,-0.022169325488717397,1.4180595150707735,1.3958901895820561,200.0,-45.0,-50.0,1.0,25.0,78.30334375,9.607772795476752,2.4e-21
1.8218781579103744,-0.012050951341757293,0.14732516171405252,0.13527421037229523,-0.02195536503158833,1.4154666808054868,1.3935113157738985,200.0,-45.0,-50.0,1.0,25.0,78.30334375,9.607772795476752,2.4e-21
1.8396328107225284,-0.011819461699946921,0.14705316405167565,0.1352337023517287,-0.021743469548300635,1.4128533890644692,1.3911099195161685,200.0,-45.0,-50.0,1.0,25.0,78.30334375,9.607772795476752,2.4e-21
1.8575604870132898,-0.011592418798708794,0.1467790252394282,0.13518660644071942,-0.02153361910939152,1.4102195256419738,1.3886859065325825,200.0,-45.0,-50.0,1.0,25.0,78.30334375,9.607772795476752,2.4e-21
1.8756628729392095,-0.011369737219526714,0.14650273342223283,0.1351329962027061,-0.02132579397774133,1.4075649766371112,1.38623918265937,200.0,-45.0,-50.0,1.0,25.0,78.30334375,9.607772795476752,2.4e-21
1.8939416710888508,-0.011151333184709445,0.14622427677924102,0.13507294359453156,-0.021119974606717166,1.404889628477855,1.3837696538711377,200.0,-45.0,-50.0,1.0,25.0,78.30334375,9.607772795476752,2.4e-21
1.9123986006429226,-0.010937124525871722,0.14594364352638148,0.13500651900050975,-0.020916141638334468,1.4021933679455245,1.38127722630719,200.0,-45.0,-50.0,1.0,25.0,78.30334375,9.607772795476752,2.4e-21
1.9310353975359749,-0.010727030653020664,0.14566082191895724,0.1349337912659366,-0.020714275901436346,1.3994760821997414,1.3787618062983051,200.0,-45.0,-50.0,1.0,25.0,78.30334375,9.607772795476752,2.4e-21
1.9498538146196702,-0.010520972524236075,0.14537580025429378,0.1348548277300577,-0.020514358409890448,1.396737658803866,1.3762233003939757,200.0,-45.0,-50.0,1.0,25.0,78.30334375,9.607772795476752,2.4e-21
1.9688556218276416,-0.010318872615933146,0.14508856687443686,0.13476969425850369,-0.020316370360803276,1.3939779857509238,1.3736616153901204,200.0,-45.0,-50.0,1.0,25.0,78.30334375,9.607772795476752,2.4e-21
1.9880426063419636,-0.010120654893696379,0.14479911016890218,0.13467845527520583,-0.0201202931327517,1.3911969514900195,1.3710766583572676,200.0,-45.0,-50.0,1.0,25.0,78.30334375,9.607772795476752,2.4e-21
2.007416572761242,-0.009926244783673766,0.14450741857747645,0.13458117379380266,-0.019926108284031546,1.3883944449532502,1.3684683366692185,200.0,-45.0,-50.0,1.0,25.0,78.30334375,9.607772795476752,2.4e-21
2.026979343270341,-0.009735569144520478,0.14421348059307018,0.1344779114485497,-0.019733797550923114,1.3855703555831143,1.3658365580321912,200.0,-45.0,-50.0,1.0,25.0,78.30334375,9.607772795476752,2.4e-21
2.0467327578117667,-0.009548556239881493,0.14391728476462365,0.13436872852474213,-0.0195433428459734,1.3827245733604319,1.3631812305144584,200.0,-45.0,-50.0,1.0,25.0,78.30334375,9.607772795476752,2.4e-21
2.066678674258721,-0.00936513571140278,0.14361881970006551,0.13425368398866272,-0.0193547262562949,1.37985698883277,1.360502262576475,200.0,-45.0,-50.0,1.0,25.0,78.30334375,9.607772795476752,2.4e-21
2.0868189685898373,-0.00918523855226098,0.1433180740693252,0.1341328355170642,-0.01916793004188087,1.3769674931433846,1.3577995631015038,200.0,-45.0,-50.0,1.0,25.0,78.30334375,9.607772795476752,2.4e-21
2.1071555350656253,-0.009008797081201517,0.14301503660739917,0.13400623952619764,-0.018982936633936822,1.3740559780606818,1.355073041426745,200.0,-45.0,-50.0,1.0,25.0,78.30334375,9.607772795476752,2.4e-21
2.127690286406631,-0.008835744917075393,0.1427096961174718,0.13387395120039644,-0.01879972863322808,1.3711223360081999,1.352322607374972,200.0,-45.0,-50.0,1.0,25.0,78.30334375,9.607772795476752,2.4e-21
2.148425153973335,-0.008666016953865206,0.14240204147409097,0.13373602452022576,-0.018618288808443385,1.3681664600951233,1.34954817128668,200.0,-45.0,-50.0,1.0,25.0,78.30334375,9.607772795476752,2.4e-21
2.1693620879478037,-0.008499549336190768,0.14209206162639915,0.13359251229020838,-0.018438600094574174,1.3651882441473238,1.3467496440527498,200.0,-45.0,-50.0,1.0,25.0,78.30334375,9.607772795476752,2.4e-21
2.190503057517108,-0.00833627943528538,0.14177974560142026,0.13344346616613487,-0.01826064559130961,1.3621875827389403,1.3439269371476306,200.0,-45.0,-50.0,1.0,25.0,78.30334375,9.607772795476752,2.4e-21
2.2118500510585344,-0.008176145825433464,0.14146508250740278,0.1332889366819693,-0.018084408561447027,1.3591643712244983,1.3410799626630512,200.0,-45.0,-50.0,1.0,25.0,78.30334375,9.607772795476752,2.4e-21
2.2334050763265973,-0.008019088260860889,0.1411480615372192,0.1331289732763583,-0.017909872429317734,1.3561185057715734,1.3382086333422556,200.0,-45.0,-50.0,1.0,25.0,78.30334375,9.607772795476752,2.4e-21
2.2551701606418746,-0.007865047653069192,0.14082867197182306,0.13296362431875386,-0.017737020779228056,1.3530498833940008,1.3353128626147728,200.0,-45.0,-50.0,1.0,25.0,78.30334375,9.607772795476752,2.4e-21
2.2771473510816844,-0.00771396604860518,0.14050690318376255,0.13279293713515739,-0.017565837353915332,1.3499584019856394,1.3323925646317243,200.0,-45.0,-50.0,1.0,25.0,78.30334375,9.607772795476752,2.4e-21
2.29933871467262,-0.007565786607257552,0.14018274464075262,0.13261695803349507,-0.017396306053018902,1.3468439603546876,1.3294476543016687,200.0,-45.0,-50.0,1.0,25.0,78.30334375,9.607772795476752,2.4e-21
2.321746338584957,-0.0074204535806724195,0.13985618590930501,0.13243573232863257,-0.017228410931565828,1.3437064582585596,1.326478047326994,200.0,-45.0,-50.0,1.0,25.0,78.30334375,9.607772795476752,2.4e-21
2.344372330328964,-0.007277912291379497,0.13952721665841636,0.13224930436703686,-0.01706213619847116,1.3405457964393233,1.3234836602408522,200.0,-45.0,-50.0,1.0,25.0,78.30334375,9.607772795476752,2.4e-21
2.3672188179531153,-0.007138109112221273,0.1391958266633157,0.13205771755109444,-0.01689746621505281,1.3373618766597022,1.3204644104446492,200.0,-45.0,-50.0,1.0,25.0,78.30334375,9.607772795476752,2.4e-21
2.3902879502442462,-0.00700099144617728,0.13886200580927072,0.13186101436309344,-0.016734385493560596,1.3341546017396457,1.3174202162460853,200.0,-45.0,-50.0,1.0,25.0,78.30334375,9.607772795476752,2.4e-21
2.413581896929648,-0.006866507706575961,0.1385257440954534,0.13165923638887744,-0.016572878695719655,1.3309238755934714,1.3143509968977516,200.0,-45.0,-50.0,1.0,25.0,78.30334375,9.607772795476752,2.4e-21
2.437102848881142,-0.006734607297686614,0.13818703163886562,0.131452424341179,-0.016412930631287775,1.3276696032675783,1.3112566726362904,200.0,-45.0,-50.0,1.0,25.0,78.30334375,9.607772795476752,2.4e-21
2.4608530183211372,-0.006605240595684173,0.1378458586783245,0.13124061808264031,-0.016254526256626704,1.324391690978739,1.3081371647221123,200.0,-45.0,-50.0,1.0,25.0,78.30334375,9.607772795476752,2.4e-21
2.484834639030694,-0.006478358929979658,0.137502215578508,0.13102385664852834,-0.016097650673287278,1.3210900461529689,1.3049923954796816,200.0,-45.0,-50.0,1.0,25.0,78.30334375,9.607772795476752,2.4e-21
2.509049966559625,-0.006353914564909195,0.1371560928340609,0.1308021782691517,-0.01594228912660813,1.3177645774649742,1.301822288338366,200.0,-45.0,-50.0,1.0,25.0,78.30334375,9.607772795476752,2.4e-21
2.5335012784386297,-0.006231860681774849,0.13680748107376162,0.13057562039198675,-0.015788427004328014,1.3144151948781873,1.2986267678738592,200.0,-45.0,-50.0,1.0,25.0,78.30334375,9.607772795476752,2.4e-21
2.5581908743935093,-0.006112151361230379,0.13645637106474953,0.13034421970351914,-0.015636049835211423,1.3110418096853815,1.2954057598501703,200.0,-45.0,-50.0,1.0,25.0,78.30334375,9.607772795476752,2.4e-21
2.5831210765614596,-0.005994741566005392,0.1361027537168137,0.1301080121508083,-0.01548514328768758,1.3076443345498754,1.2921591912621877,200.0,-45.0,-50.0,1.0,25.0,78.30334375,9.607772795476752,2.4e-21
2.608294229709477,-0.005879587123961322,0.13574662008674235,0.12986703296278104,-0.015335693168502458,1.3042226835473214,1.288886990378819,200.0,-45.0,-50.0,1.0,25.0,78.30334375,9.607772795476752,2.4e-21
2.6337127014548942,-0.005766644711472896,0.1353879613827337,0.12962131667126078,-0.015187685421383861,1.300776772208086,1.2855890867867021,200.0,-45.0,-50.0,1.0,25.0,78.30334375,9.607772795476752,2.4e-21
2.6593788824880567,-0.005655871837128864,0.13502676896886828,0.1293708971317394,-0.015041106125719432,1.2973065175602168,1.2822654114344973,200.0,-45.0,-50.0,1.0,25.0,78.30334375,9.607772795476752,2.4e-21
2.6852951867971804,-0.005547226825745768,0.1346630343696425,0.12911580754389673,-0.014895941495247313,1.293811838173002,1.2789158966777547,200.0,-45.0,-50.0,1.0,25.0,78.30334375,9.607772795476752,2.4e-21
2.711464051895391,-0.00544066880268885,0.13429674927456392,0.12885608047187505,-0.014752177876759556,1.2902926542011173,1.2755404763243576,200.0,-45.0,-50.0,1.0,25.0,78.30334375,9.607772795476752,2.4e-21
2.7378879390499824,-0.005336157678494099,0.1339279055428075,0.12859174786431343,-0.014609801748817947,1.2867488874293662,1.2721390856805483,200.0,-45.0,-50.0,1.0,25.0,78.30334375,9.607772795476752,2.4e-21
2.7645693335139083,-0.005233654133785722,0.13355649520793403,0.1283228410741483,-0.01446879972048231,1.28318046131801,1.2687116615975276,200.0,-45.0,-50.0,1.0,25.0,78.30334375,9.607772795476752,2.4e-21
2.791510744759524,-0.0051331196044833455,0.1331825104826693,0.12804939087818595,-0.01432915853005102,1.2795873010486871,1.2652581425186362,200.0,-45.0,-50.0,1.0,25.0,78.30334375,9.607772795476752,2.4e-21
2.8187147067146143,-0.005034516267293339,0.13280594376374485,0.1277714274964515,-0.014190865043813698,1.275969333570923,1.2617784685271092,200.0,-45.0,-50.0,1.0,25.0,78.30334375,9.607772795476752,2.4e-21
2.846183778000716,-0.004937807025478882,0.13242678763680044,0.12748898061132155,-0.014053906254815967,1.2723264876492282,1.2582725813944122,200.0,-45.0,-50.0,1.0,25.0,78.30334375,9.607772795476752,2.4e-21
2.873920542173764,-0.00484295549490336,0.13204503488134692,0.12720207938644357,-0.013918269281636078,1.2686586939107836,1.2547404246291474,200.0,-45.0,-50.0,1.0,25.0,78.30334375,9.607772795476752,2.4e-21
2.901927607967087,-0.004749925990341833,0.13166067847579047,0.1269107524854486,-0.013783941367173373,1.264965884893711,1.2511819435265374,200.0,-45.0,-50.0,1.0,25.0,78.30334375,9.607772795476752,2.4e-21
2.9302076095367613,-0.0046586835120554955,0.13127371160251747,0.12661502809046196,-0.013650909877448453,1.2612479950959283,1.2475970852184797,200.0,-45.0,-50.0,1.0,25.0,78.30334375,9.607772795476752,2.4e-21
2.958763206709367,-0.004569193732623993,0.13088412765304003,0.126314933920416,-0.013519162300414908,1.2575049610245843,1.2439857987241694,200.0,-45.0,-50.0,1.0,25.0,78.30334375,9.607772795476752,2.4e-21
2.9875970852321516,-0.004481422984030703,0.13049192023320155,0.12601049724917085,-0.013388686244782498,1.2537367212460764,1.2403480350012936,200.0,-45.0,-50.0,1.0,25.0,78.30334375,9.607772795476752,2.4e-21
3.016711957025631,-0.004395338244996087,0.13009708316844257,0.1257017449234465,-0.013259469438851746,1.2499432164366389,1.2366837469977872,200.0,-45.0,-50.0,1.0,25.0,78.30334375,9.607772795476752,2.4e-21
3.046110560438658,-0.004310907128554356,0.12969961050912568,0.12538870338057131,-0.013131499729359715,1.2461243894335083,1.2329928897041489,200.0,-45.0,-50.0,1.0,25.0,78.30334375,9.607772795476752,2.4e-21
3.075795660505974,-0.004228097869868779,0.12929949653592024,0.12507139866605146,-0.013004765080336942,1.2422801852866552,1.229275420206318,200.0,-45.0,-50.0,1.0,25.0,78.30334375,9.607772795476752,2.4e-21
3.1057700492082616,-0.0041468793142810855,0.1288967357652455,0.1247498564509644,-0.01287925357197549,1.238410551311081,1.2255312977391055,200.0,-45.0,-50.0,1.0,25.0,78.30334375,9.607772795476752,2.4e-21
3.1360365457347497,-0.00406722090559036,0.12849132295477209,0.1244241020491817,-0.012754953399507753,1.2345154371396767,1.221760483740169,200.0,-45.0,-50.0,1.0,25.0,78.30334375,9.607772795476752,2.4e-21
3.166597996748363,-0.003989092674557149,0.12808325310898144,0.1240941604344243,-0.01263185287209624,1.2305947947766351,1.217962941904539,200.0,-45.0,-50.0,1.0,25.0,78.30334375,9.607772795476752,2.4e-21
3.1974572766534544,-0.003912465227628388,0.1276725214847825,0.12376005625715411,-0.012509940411734005,1.2266485786514143,1.2141386382396804,200.0,-45.0,-50.0,1.0,25.0,78.30334375,9.607772795476752,2.4e-21
3.2286172878661654,-0.003837309735878871,0.1272591235971846,0.12342181386130574,-0.012389204552155673,1.222676745673244,1.2102875411210883,200.0,-45.0,-50.0,1.0,25.0,78.30334375,9.607772795476752,2.4e-21
3.2600809610873918,-0.003763597924165215,0.12684305522502723,0.12307945730086202,-0.01226963393775905,1.2186792552861718,1.2064096213484126,200.0,-45.0,-50.0,1.0,25.0,78.30334375,9.607772795476752,2.4e-21
3.291851255578439,-0.0036913020604880994,0.12642431241676408,0.12273301035627596,-0.01215121732253703,1.2146560695246396,1.2025048522021025,200.0,-45.0,-50.0,1.0,25.0,78.30334375,9.607772795476752,2.4e-21
3.323931159439346,-0.003620394945558889,0.1260028914963024,0.12238249655074351,-0.012033943569019906,1.2106071530695834,1.1985732095005635,200.0,-45.0,-50.0,1.0,25.0,78.30334375,9.607772795476752,2.4e-21
3.356323689889919,-0.0035508499025666837,0.12557878906889594,0.12202793916632924,-0.01191780164722787,1.2065324733050518,1.1946146716578239,200.0,-45.0,-50.0,1.0,25.0,78.30334375,9.607772795476752,2.4e-21
3.389031893553524,-0.0034826407671418847,0.12515200202709043,0.12166936125994855,-0.011802780633633558,1.2024320003753308,1.1906292197416972,200.0,-45.0,-50.0,1.0,25.0,78.30334375,9.607772795476752,2.4e-21
3.4220588467436173,-0.0034157418775126198,0.12472252755672168,0.12130678567920905,-0.011688869710134714,1.19830570724257,1.1866168375324353,200.0,-45.0,-50.0,1.0,25.0,78.30334375,9.607772795476752,2.4e-21
3.4554076557530955,-0.0033501280648501938,0.12429036314296409,0.12094023507811388,-0.011576058163036664,1.1941535697448968,1.1825775115818602,200.0,-45.0,-50.0,1.0,25.0,78.30334375,9.607772795476752,2.4e-21
3.4890814571464466,-0.0032857746438000354,0.1238555065764297,0.12056973193262965,-0.011464335382044675,1.1899755666550134,1.1785112312729686,200.0,-45.0,-50.0,1.0,25.0,78.30334375,9.607772795476752,2.4e-21
3.5230834180547492,-0.0032226574031945367,0.12341795595931604,0.12019529855612152,-0.011353690859266052,1.1857716797392648,1.1744179888799986,200.0,-45.0,-50.0,1.0,25.0,78.30334375,9.607772795476752,2.4e-21
3.5574167364735647,-0.0031607525969442538,0.12297770971160166,0.1198169571146574,-0.011244114188221771,1.1815418938171636,1.1702977796289418,200.0,-45.0,-50.0,1.0,25.0,78.30334375,9.607772795476752,2.4e-21
3.5920846415637033,-0.0031000369351041382,0.12253476657728851,0.11943472964218436,-0.011135595062867792,1.1772861968213666,1.166150601758499,200.0,-45.0,-50.0,1.0,25.0,78.30334375,9.607772795476752,2.4e-21
3.6270903939549513,-0.0030404875751113268,0.12208912563068969,0.11904863805557836,-0.011028123276625678,1.173004579858084,1.1619764565814583,200.0,-45.0,-50.0,1.0,25.0,78.30334375,9.607772795476752,2.4e-21
3.662437286052738,-0.002982082113191272,0.12164078628276112,0.11865870416956986,-0.010921688721422657,1.1686970372679144,1.1577753485464917,200.0,-45.0,-50.0,1.0,25.0,78.30334375,9.607772795476752,2.4e-21
3.6981286423477906,-0.0029247985759289696,0.12118974828747629,0.11826494971154733,-0.010816281386740956,1.16436356668709,1.1535472853003488,200.0,-45.0,-50.0,1.0,25.0,78.30334375,9.607772795476752,2.4e-21
3.7341678197288286,-0.0028686154120020485,0.12073601174824165,0.1178673963362396,-0.010711891358676206,1.1600041691091176,1.1492922777504413,200.0,-45.0,-50.0,1.0,25.0,78.30334375,9.607772795476752,2.4e-21
3.770558207798273,-0.0028135114840727176,0.1202795771243525,0.11746606564027978,-0.01060850881900509,1.1556188489468018,1.1450103401277967,200.0,-45.0,-50.0,1.0,25.0,78.30334375,9.607772795476752,2.4e-21
3.807303229191064,-0.0027594660608354204,0.1198204452374865,0.11706097917665108,-0.010506124044261845,1.1512076140946346,1.1407014900503727,200.0,-45.0,-50.0,1.0,25.0,78.30334375,9.607772795476752,2.4e-21
3.8444063398965653,-0.0027064588092172645,0.11935861727823384,0.11665215846901658,-0.01040472740482376,1.1467704759915365,1.1363657485867127,200.0,-45.0,-50.0,1.0,25.0,78.30334375,9.607772795476752,2.4e-21
3.8818710295836047,-0.0026544697867282845,0.1188940948126625,0.11623962502593421,-0.010304309364005499,1.1423074496839325,1.1320031403199269,200.0,-45.0,-50.0,1.0,25.0,78.30334375,9.607772795476752,2.4e-21
3.9197008219287026,-0.0026034794339586252,0.11842687978891603,0.1158234003549574,-0.010204860477162096,1.1378185538891428,1.1276136934119807,200.0,-45.0,-50.0,1.0,25.0,78.30334375,9.607772795476752,2.4e-21
3.95789927494747,-0.002553468567219879,0.11795697454384295,0.11540350597662306,-0.010106371390800714,1.1333038110590778,1.1231974396682771,200.0,-45.0,-50.0,1.0,25.0,78.30334375,9.607772795476752,2.4e-21
3.996469981329266,-0.0025044183713277446,0.11748438180965501,0.11497996343832727,-0.010008832841700864,1.128763247444207,1.1187544146025061,200.0,-45.0,-50.0,1.0,25.0,78.30334375,9.607772795476752,2.4e-21
4.035416568775093,-0.002456310392523355,0.11700910472061288,0.11455279432808953,-0.009912235656043203,1.124196893157795,1.1142846575017518,200.0,-45.0,-50.0,1.0,25.0,78.30334375,9.607772795476752,2.4e-21
4.074742700338794,-0.0024091265315305684,0.1165311468197369,0.11412202028820634,-0.009816570748546702,1.1196047822403756,1.109788211491829,200.0,-45.0,-50.0,1.0,25.0,78.30334375,9.607772795476752,2.4e-21
4.11445207477158,-0.002362849036746611,0.11605051206554043,0.11368766302879382,-0.009721829121614125,1.114986952724446,1.105265123602832,200.0,-45.0,-50.0,1.0,25.0,78.30334375,9.607772795476752,2.4e-21
4.154548426869901,-0.0023174604975635562,0.11556720483878447,0.11324974434122091,-0.009628001864485812,1.1103434466993625,1.1007154448348768,200.0,-45.0,-50.0,1.0,25.0,78.30334375,9.607772795476752,2.4e-21
4.195035527826728,-0.0022729438378180497,0.11508122994924992,0.11280828611143189,-0.009535080152401551,1.105674310376408,1.0961392302240065,200.0,-45.0,-50.0,1.0,25.0,78.30334375,9.607772795476752,2.4e-21
4.2359171855862385,-0.002229282309366895,0.11459259264252629,0.1123633103331594,-0.009443055245770608,1.1009795941540133,1.0915365389082428,200.0,-45.0,-50.0,1.0,25.0,78.30334375,9.607772795476752,2.4e-21
4.277197245201959,-0.0021864594857860403,0.11410129860681352,0.11191483912102748,-0.009351918489349745,1.0962593526831124,1.0869074341937628,200.0,-45.0,-50.0,1.0,25.0,78.30334375,9.607772795476752,2.4e-21
4.318879589198424,-0.0021444592561905814,0.11360735397973461,0.11146289472354404,-0.009261661311429137,1.0915136449325917,1.0822519836211626,200.0,-45.0,-50.0,1.0,25.0,78.30334375,9.607772795476752,2.4e-21
4.360968137936318,-0.0021032658191735085,0.11311076535515646,0.11100749953598296,-0.009172275223026202,1.0867425342548265,1.0775702590318004,200.0,-45.0,-50.0,1.0,25.0,78.30334375,9.607772795476752,2.4e-21
4.403466849981218,-0.0020628636768608615,0.11261153979001604,0.11054867611315518,-0.00908375181708717,1.081946088451264,1.0728623366341765,200.0,-45.0,-50.0,1.0,25.0,78.30334375,9.607772795476752,2.4e-21
4.446379722475897,-0.002023237629081091,0.11210968481114887,0.11008644718206778,-0.008996082767696372,1.0771243798380294,1.0681282970703332,200.0,-45.0,-50.0,1.0,25.0,78.30334375,9.607772795476752,2.4e-21
4.489710791516269,-0.0019843727676464307,0.1116052084221175,0.10962083565447107,-0.008909259829293185,1.0722774853115336,1.0633682254822403,200.0,-45.0,-50.0,1.0,25.0,78.30334375,9.607772795476752,2.4e-21
4.533464132531008,-0.001946254470744091,0.11109811911003574,0.10915186463929165,-0.008823274835896455,1.0674054864140372,1.0585822115781407,200.0,-45.0,-50.0,1.0,25.0,78.30334375,9.607772795476752,2.4e-21
4.577643860664836,-0.0019088683974352364,0.11058842585238704,0.1086795574549518,-0.008738119700336534,1.0625084693991622,1.0537703496988255,200.0,-45.0,-50.0,1.0,25.0,78.30334375,9.607772795476752,2.4e-21
4.622254131165588,-0.0018722004822595887,0.11007613812383242,0.10820393764157282,-0.00865378641349459,1.0575865252972985,1.048932738883804,200.0,-45.0,-50.0,1.0,25.0,78.30334375,9.607772795476752,2.4e-21
4.667299139775011,-0.0018362369299437023,0.10956126590300543,0.10772502897306171,-0.00857026704354935,1.0526397499808902,1.0440694829373407,200.0,-45.0,-50.0,1.0,25.0,78.30334375,9.607772795476752,2.4e-21
4.71278312312339,-0.0018009642102108836,0.10904381967929055,0.10724285546907966,-0.008487553735231097,1.04766824422956,1.0391806904943288,200.0,-45.0,-50.0,1.0,25.0,78.30334375,9.607772795476752,2.4e-21
4.758710359128024,-0.0017663690526907938,0.10852381045958119,0.10675744140689039,-0.008405638709082834,1.0426721137950394,1.0342664750859567,200.0,-45.0,-50.0,1.0,25.0,78.30334375,9.607772795476752,2.4e-21
4.805085167395567,-0.0017324384419268569,0.10800124977501425,0.1062688113330874,-0.008324514260728628,1.0376514694658716,1.029326955205143,200.0,-45.0,-50.0,1.0,25.0,78.30334375,9.607772795476752,2.4e-21
4.8519119096283125,-0.001699159612479548,0.10747614968767684,0.1057769900751973,-0.008244172760148948,1.0326064271318487,1.0243622543716997,200.0,-45.0,-50.0,1.0,25.0,78.30334375,9.607772795476752,2.4e-21
4.899194990034421,-0.001666520044123761,0.10694852279728195,0.10528200275315819,-0.008164606650963073,1.0275371078481508,1.0193725011971877,200.0,-45.0,-50.0,1.0,25.0,78.30334375,9.607772795476752,2.4e-21
4.946938855742143,-0.001634507457138429,0.10641838224780892,0.10478387479067049,-0.008085808449718382,1.0224436378991446,1.0143578294494262,200.0,-45.0,-50.0,1.0,25.0,78.30334375,9.607772795476752,2.4e-21
4.995147997218102,-0.0016031098076866143,0.10588574173410416,0.10428263192641754,-0.00800777074518649,1.017326148861803,1.0093183781166166,200.0,-45.0,-50.0,1.0,25.0,78.30334375,9.607772795476752,2.4e-21
5.043826948689618,-0.001572315283284365,0.10535061550843937,0.103778300225155,-0.007930486197666233,1.0121847776687147,1.0042542914710486,200.0,-45.0,-50.0,1.0,25.0,78.30334375,9.607772795476752,2.4e-21
5.092980288571184,-0.0015421122983565886,0.1048130183870213,0.10327090608866471,-0.00785394753829331,1.0070196666706277,0.9991657191323344,200.0,-45.0,-50.0,1.0,25.0,78.30334375,9.607772795476752,2.4e-21
5.142612639895074,-0.0015124894898783086,0.10427296575644994,0.10276047626657164,-0.007778147568356642,1.0018309636984988,0.9940528161301422,200.0,-45.0,-50.0,1.0,25.0,78.30334375,9.607772795476752,2.4e-21
5.192728670746146,-0.0014834357130996516,0.10373047358012052,0.10224703786702087,-0.007703079158621315,0.996618822125002,0.9889157429663806,200.0,-45.0,-50.0,1.0,25.0,78.30334375,9.607772795476752,2.4e-21
5.24333309470091,-0.0014549400373529355,0.10318555840456409,0.10173061836721116,-0.007628735248658026,0.9913834009254483,0.9837546656767904,200.0,-45.0,-50.0,1.0,25.0,78.30334375,9.607772795476752,2.4e-21
5.29443067127083,-0.001426991741940328,0.10263823736572304,0.10121124562378273,-0.007555108846179063,0.9861248647380793,0.9785697558919003,200.0,-45.0,-50.0,1.0,25.0,78.30334375,9.607772795476752,2.4e-21
5.346026206349997,-0.0013995803121004706,0.10208852819515594,0.10068894788305548,-0.0074821930263806215,0.9808433839236806,0.9733611908973001,200.0,-45.0,-50.0,1.0,25.0,78.30334375,9.607772795476752,2.4e-21
5.398124552667125,-0.0013726954350526009,0.10153644922616734,0.10016375379111474,-0.0074099809312915274,0.9755391346244772,0.9681291536931856,200.0,-45.0,-50.0,1.0,25.0,78.30334375,9.607772795476752,2.4e-21
5.45073061024196,-0.001346326996116666,0.10098201939985758,0.09963569240374093,-0.007338465769128221,0.9702122988222573,0.962873833053129,200.0,-45.0,-50.0,1.0,25.0,78.30334375,9.607772795476752,2.4e-21
5.503849326846164,-0.0013204650749079423,0.10042525827108699,0.09910479319617904,-0.007267640813655949,0.9648630643956763,0.9575954235820203,200.0,-45.0,-50.0,1.0,25.0,78.30334375,9.607772795476752,2.4e-21
5.5574856984686445,-0.0012950999416047849,0.09986618601435024,0.09857108607274545,-0.007197499403556167,0.9594916251766951,0.9522941257731389,200.0,-45.0,-50.0,1.0,25.0,78.30334375,9.607772795476752,2.4e-21
5.611644769785466,-0.001270222053288042,0.09930482342955446,0.09803460137626642,-0.007128034941799996,0.9540981810060957,0.9469701460642956,200.0,-45.0,-50.0,1.0,25.0,78.30334375,9.607772795476752,2.4e-21
5.666331634634296,-0.0012458220503508137,0.09874119194769689,0.09749536989734607,-0.007059240895027775,0.9486829377880303,0.9416236968930026,200.0,-45.0,-50.0,1.0,25.0,78.30334375,9.607772795476752,2.4e-21
5.7215514364935185,-0.0012218907529771479,0.09817531363643552,0.09695342288345837,-0.006991110792934547,0.9432461075435429,0.9362549967506083,200.0,-45.0,-50.0,1.0,25.0,78.30334375,9.607772795476752,2.4e-21
5.777309368965985,-0.001198419157688402,0.09760721120554795,0.09640879204785956,-0.00692363822766153,0.9377879084630173,0.9308642702353557,200.0,-45.0,-50.0,1.0,25.0,78.30334375,9.607772795476752,2.4e-21
5.83361067626748,-0.0011753984339559374,0.09703690801227234,0.0958615095783164,-0.006856816853193434,0.9323085649574903,0.9254517481042969,200.0,-45.0,-50.0,1.0,25.0,78.30334375,9.607772795476752,2.4e-21
5.890460653719982,-0.0011528199208788719,0.09646442806652451,0.09531160814564564,-0.006790640384761578,0.9268083077087782,0.9200176673240167,200.0,-45.0,-50.0,1.0,25.0,78.30334375,9.607772795476752,2.4e-21
5.9478646482496735,-0.001130675123925672,0.09588979603598614,0.09475912091206047,-0.006725102598252825,0.921287373718362,0.9145622711201091,200.0,-45.0,-50.0,1.0,25.0,78.30334375,9.607772795476752,2.4e-21
6.005828058889866,-0.0011089557117383122,0.09531303725105676,0.09420408153931846,-0.006660197329624137,0.9157460063549656,0.9090858090253415,200.0,-45.0,-50.0,1.0,25.0,78.30334375,9.607772795476752,2.4e-21
6.0643563372887845,-0.0010876535129978396,0.09473417770966472,0.09364652419666689,-0.006595918474322859,0.910184455400777,0.9035885369264541,200.0,-45.0,-50.0,1.0,25.0,78.30334375,9.607772795476752,2.4e-21
6.123454988222304,-0.0010667605133501505,0.09415324408193017,0.09308648356858001,-0.006532259986712562,0.904602977096251,0.8980707171095386,200.0,-45.0,-50.0,1.0,25.0,78.30334375,9.607772795476752,2.4e-21
6.18312957011171,-0.001046268852390803,0.09357026371467377,0.09252399486228297,-0.006469215879504418,0.8990018341834279,0.8925326183039236,200.0,-45.0,-50.0,1.0,25.0,78.30334375,9.607772795476752,2.4e-21
6.243385695546469,-0.001026170820707773,0.09298526463576551,0.09195909381505774,-0.006406780223194092,0.8933812959477144,0.8869745157245204,200.0,-45.0,-50.0,1.0,25.0,78.30334375,9.607772795476752,2.4e-21
6.304229031812126,-0.0010064588569809942,0.09239827555830599,0.09139181670132498,-0.006344947145504033,0.8877416382580566,0.8813966911125527,200.0,-45.0,-50.0,1.0,25.0,78.30334375,9.607772795476752,2.4e-21
6.365665301423323,-0.0009871255451376292,0.09180932588463461,0.09082220033949698,-0.0062837108308311865,0.8820831436054519,0.8757994327746207,200.0,-45.0,-50.0,1.0,25.0,78.30334375,9.607772795476752,2.4e-21
6.427700282662011,-0.0009681636115619801,0.09121844571015765,0.09025028209859567,-0.0062230655197000155,0.8764061011397256,0.8701830356200256,200.0,-45.0,-50.0,1.0,25.0,78.30334375,9.607772795476752,2.4e-21
6.4903398101209415,-0.0009495659223589931,0.09062566582698922,0.08967609990463023,-0.006163005508220784,0.8707108067045143,0.8645478011962935,200.0,-45.0,-50.0,1.0,25.0,78.30334375,9.607772795476752,2.4e-21
6.553589775252401,-0.0009313254806703322,0.09003101772739877,0.08909969224672844,-0.006103525147553117,0.8649975628703871,0.858894037722834,200.0,-45.0,-50.0,1.0,25.0,78.30334375,9.607772795476752,2.4e-21
6.617456126922342,-0.0009134354240420057,0.0894345336070579,0.08852109818301589,-0.006044618843374677,0.8592666789660421,0.8532220601226674,200.0,-45.0,-50.0,1.0,25.0,78.30334375,9.607772795476752,2.4e-21
6.681944871969886,-0.0008958890218425623,0.08883624636807967,0.08794035734623712,-0.0059862810553550265,0.8535184711075063,0.8475321900521513,200.0,-45.0,-50.0,1.0,25.0,78.30334375,9.607772795476752,2.4e-21
6.747062075772279,-0.0008786796727308818,0.08823618962184343,0.08735750994911255,-0.00592850629663453,0.8477532622252754,0.8418247559286409,200.0,-45.0,-50.0,1.0,25.0,78.30334375,9.607772795476752,2.4e-21
6.812813862815377,-0.0008618009021726003,0.08763439769159748,0.08677259678942487,-0.005871289133308291,0.8419713820893209,0.8361000929560126,200.0,-45.0,-50.0,1.0,25.0,78.30334375,9.607772795476752,2.4e-21
6.87920641726965,-0.0008452463600042561,0.08703090561483351,0.08618565925482925,-0.0058146241839150915,0.8361731673319023,0.8303585431479872,200.0,-45.0,-50.0,1.0,25.0,78.30334375,9.607772795476752,2.4e-21
6.946245983571851,-0.0008290098180442112,0.08642574914542413,0.08559673932737992,-0.005758506118931232,0.8303589614681042,0.8246004553491729,200.0,-45.0,-50.0,1.0,25.0,78.30334375,9.607772795476752,2.4e-21
7.013938867012309,-0.0008130851677494771,0.08581896475551751,0.08500587958776802,-0.00570292966026928,0.8245291149140392,0.8188261852537699,200.0,-45.0,-50.0,1.0,25.0,78.30334375,9.607772795476752,2.4e-21
7.0822914343279555,-0.0007974664179175485,0.08521058963718092,0.08441312321926338,-0.005647889580781652,0.8186839850026403,0.8130360954218586,200.0,-45.0,-50.0,1.0,25.0,78.30334375,9.607772795476752,2.4e-21
7.151310114301162,-0.0007821476924323769,0.08460066170378598,0.08381851401135361,-0.005593380703768972,0.8128239359969669,0.8072305552931979,200.0,-45.0,-50.0,1.0,25.0,78.30334375,9.607772795476752,2.4e-21
7.221001398364357,-0.0007671232280536522,0.08398921959112826,0.0832220963630746,-0.005539397902493203,0.8069493391009651,0.8014099411984719,200.0,-45.0,-50.0,1.0,25.0,78.30334375,9.607772795476752,2.4e-21
7.291371841210593,-0.0007523873722485406,0.08337630265827357,0.08262391528602503,-0.0054859360996954406,0.8010605724675968,0.7955746363679014,200.0,-45.0,-50.0,1.0,25.0,78.30334375,9.607772795476752,2.4e-21
7.362428061410025,-0.0007379345810650796,0.08276195098812364,0.08202401640705856,-0.005432990267118393,0.7951580212042746,0.7897250309371563,200.0,-45.0,-50.0,1.0,25.0,78.30334375,9.607772795476752,2.4e-21
7.434176742032401,-0.0007237594170464247,0.08214620538769334,0.0814224459706469,-0.00538055542503346,0.7892420773755258,0.7838615219504923,200.0,-45.0,-50.0,1.0,25.0,78.30334375,9.607772795476752,2.4e-21
7.506624631275648,-0.000709856547185153,0.0815291073880917,0.08081925084090655,-0.005328626641772354,0.78331314000281,0.7779845133610377,200.0,-45.0,-50.0,1.0,25.0,78.30334375,9.607772795476752,2.4e-21
7.5797785431005344,-0.0006962207409168761,0.08091069924420001,0.08021447850328313,-0.005277199033263294,0.7773716150614262,0.7720944160281629,200.0,-45.0,-50.0,1.0,25.0,78.30334375,9.607772795476752,2.4e-21
7.6536453578715715,-0.0006828468681523799,0.0802910239340379,0.07960817706588552,-0.0052262677625716045,0.7714179154744222,0.7661916477118506,200.0,-45.0,-50.0,1.0,25.0,78.30334375,9.607772795476752,2.4e-21
7.728232023004122,-0.0006697298973475769,0.07967012515781129,0.07900039526046371,-0.005175828039444807,0.7654524611034471,0.7602766330640024,200.0,-45.0,-50.0,1.0,25.0,78.30334375,9.607772795476752,2.4e-21
7.803545553617819,-0.0006568648936105294,0.07904804733663336,0.07839118244302283,-0.005125875119862088,0.7594756787364644,0.7543498036166022,200.0,-45.0,-50.0,1.0,25.0,78.30334375,9.607772795476752,2.4e-21
7.8795930331963815,-0.0006442470168448315,0.07842483561091165,0.07778058859406681,-0.005076404305588086,0.7534880020722533,0.7484115977666652,200.0,-45.0,-50.0,1.0,25.0,78.30334375,9.607772795476752,2.4e-21
7.956381614253815,-0.0006318715199286635,0.0778005358383934,0.07716866431846474,-0.005027410943731032,0.7474898717016303,0.7424624607578992,200.0,-45.0,-50.0,1.0,25.0,78.30334375,9.607772795476752,2.4e-21
8.033918519007152,-0.0006197337469288158,0.07717519459186137,0.07655546084493255,-0.0049788904263051055,0.7414817350853102,0.7365028446590052,200.0,-45.0,-50.0,1.0,25.0,78.30334375,9.607772795476752,2.4e-21
8.112211040055714,-0.0006078291313490274,0.07654885915647287,0.07594103002512385,-0.004930838189797055,0.7354640465283415,0.7305332083385444,200.0,-45.0,-50.0,1.0,25.0,78.30334375,9.607772795476752,2.4e-21
8.191266541066993,-0.000596153194411971,0.07592157752673444,0.07532542433232246,-0.004883249714736984,0.7294372671510383,0.7245540174363013,200.0,-45.0,-50.0,1.0,25.0,78.30334375,9.607772795476752,2.4e-21
8.271092457469257,-0.0005847015433742351,0.0752933984031042,0.07470869685972997,-0.004836120525273269,0.7234018648563373,0.718565744331064,200.0,-45.0,-50.0,1.0,25.0,78.30334375,9.607772795476752,2.4e-21
8.351696297150843,-0.0005734698698736817,0.07466437118821531,0.07409090131834163,-0.004789446188751605,0.7173583142935133,0.7125688681047617,200.0,-45.0,-50.0,1.0,25.0,78.30334375,9.607772795476752,2.4e-21
8.433085641166327,-0.0005624539483085435,0.07403454598271217,0.07347209203440364,-0.004743222315298086,0.7113070968181747,0.7065638745028766,200.0,-45.0,-50.0,1.0,25.0,78.30334375,9.607772795476752,2.4e-21
8.515268144449538,-0.0005516496342476594,0.07340397358069276,0.0728523239464451,-0.004697444557406333,0.7052487004484741,0.7005512558910678,200.0,-45.0,-50.0,1.0,25.0,78.30334375,9.607772795476752,2.4e-21
8.598251536533505,-0.0005410528628712524,0.07277270546474986,0.0722316526018786,-0.004652108609528596,0.6991836198174661,0.6945315112079375,200.0,-45.0,-50.0,1.0,25.0,78.30334375,9.607772795476752,2.4e-21
8.682043622277495,-0.0005306596474416492,0.07214079380060318,0.07161013415316152,-0.004607210207670794,0.6931123561215332,0.6885051459138625,200.0,-45.0,-50.0,1.0,25.0,78.30334375,9.607772795476752,2.4e-21
8.766652282601035,-0.0005204660778033893,0.07150829143131687,0.07098782535351349,-0.00456274512899149,0.6870354170648295,0.682472671935838,200.0,-45.0,-50.0,1.0,25.0,78.30334375,9.607772795476752,2.4e-21
8.852085475225167,-0.0005104683189121328,0.07087525187109373,0.07036478355218159,-0.0045187091914046995,0.680953316799657,0.6764346076082524,200.0,-45.0,-50.0,1.0,25.0,78.30334375,9.607772795476752,2.4e-21
8.938351235420901,-0.0005006626093918348,0.07024172929864067,0.06974106668924883,-0.004475098253186559,0.6748665758627223,0.6703914776095357,200.0,-45.0,-50.0,1.0,25.0,78.30334375,9.607772795476752,2.4e-21
9.025457676764928,-0.0004910452601196355,0.06960777855009835,0.06911673328997871,-0.004431908212585795,0.668775721107205,0.6643438128946192,200.0,-45.0,-50.0,1.0,25.0,78.30334375,9.607772795476752,2.4e-21
9.113412991902772,-0.00048161265283792654,0.06897345511152762,0.0684918424586897,-0.00438913500743792,0.6626812856305719,0.6582921506231341,200.0,-45.0,-50.0,1.0,25.0,78.30334375,9.607772795476752,2.4e-21
9.202225453319286,-0.00047236123879308863,0.06833881511094815,0.06786645387215506,-0.00434677461478319,0.6565838086980833,0.6522370340833001,200.0,-45.0,-50.0,1.0,25.0,78.30334375,9.607772795476752,2.4e-21
9.291903414116753,-0.0004632875374003678,0.067703915309921,0.06724062777252063,-0.004304823050488221,0.6504838356619209,0.6461790126114326,200.0,-45.0,-50.0,1.0,25.0,78.30334375,9.607772795476752,2.4e-21
9.3824553088005,-0.00045438813493440573,0.06706881309467057,0.06661442495973616,-0.004263276368871273,0.6443819178758908,0.6401186415070195,200.0,-45.0,-50.0,1.0,25.0,78.30334375,9.607772795476752,2.4e-21
9.473889654072178,-0.00044565968324492195,0.06643356646673951,0.06598790678349459,-0.004222130662331151,0.6382786126056365,0.6340564819433053,200.0,-45.0,-50.0,1.0,25.0,78.30334375,9.607772795476752,2.4e-21
9.566215049630815,-0.00043709889849706404,0.06579823403317073,0.06536113513467366,-0.0041813820609796675,0.6321744829343104,0.6279931008733308,200.0,-45.0,-50.0,1.0,25.0,78.30334375,9.607772795476752,2.4e-21
9.659440178981617,-0.00042870255993595957,0.06516287499621161,0.06473417243627565,-0.004141026732277683,0.6260700976636541,0.6219290709313765,200.0,-45.0,-50.0,1.0,25.0,78.30334375,9.607772795476752,2.4e-21
9.753573810252707,-0.0004204675086749948,0.06452754914253442,0.06410708163385943,-0.004101060880674632,0.6199660312104315,0.6158649703297568,200.0,-45.0,-50.0,1.0,25.0,78.30334375,9.607772795476752,2.4e-21
9.848624797019783,-0.00041239064650737417,0.06389231683196883,0.06347992618546146,-0.0040614807472515455,0.6138628634981714,0.6098013827509199,200.0,-45.0,-50.0,1.0,25.0,78.30334375,9.607772795476752,2.4e-21
9.944602079138809,-0.00040446893474050744,0.06325723898574119,0.06285277005100068,-0.004022282609367509,0.6077611798441755,0.603738897234808,200.0,-45.0,-50.0,1.0,25.0,78.30334375,9.607772795476752,2.4e-21
10.041514683586877,-0.00039669939305278415,0.06262237707421603,0.062225677681163244,-0.003983462780309535,0.6016615708417399,0.5976781080614303,200.0,-45.0,-50.0,1.0,25.0,78.30334375,9.607772795476752,2.4e-21
10.139371725311179,-0.0003890790983723157,0.06198779310413626,0.061598714005763944,-0.003945017608945825,0.5955646322375618,0.591619614628616,200.0,-45.0,-50.0,1.0,25.0,78.30334375,9.607772795476752,2.4e-21
10.238182408086336,-0.00038160518377720664,0.061353549605357154,0.06097194442157995,-0.003906943479382351,0.5894709648042838,0.5855640213249015,200.0,-45.0,-50.0,1.0,25.0,78.30334375,9.607772795476752,2.4e-21
10.337956025380027,-0.00037427483741695914,0.06071970961707144,0.06034543477965449,-0.003869236810622783,0.5833811742081472,0.5795119373975244,200.0,-45.0,-50.0,1.0,25.0,78.30334375,9.607772795476752,2.4e-21
10.438701961227054,-0.00036708530145459323,0.06008633667352198,0.05971925137206738,-0.003831894056231687,0.5772958708717216,0.5734639768154899,200.0,-45.0,-50.0,1.0,25.0,78.30334375,9.607772795476752,2.4e-21
10.540429691111976,-0.0003600338710290856,0.05945349478919827,0.059093460918169194,-0.003794911704000954,0.5712156698316779,0.567420758127677,200.0,-45.0,-50.0,1.0,25.0,78.30334375,9.607772795476752,2.4e-21
10.64314878286027,-0.0003531178932377448,0.05882124844351572,0.05846813055027797,-0.0037582862756194864,0.5651411905915896,0.5613829043159702,200.0,-45.0,-50.0,1.0,25.0,78.30334375,9.607772795476752,2.4e-21
10.746868897538258,-0.00034633476613812794,0.05818966256497368,0.05784332779883555,-0.0037220143263460336,0.5590730569697261,0.5553510426433801,200.0,-45.0,-50.0,1.0,25.0,78.30334375,9.607772795476752,2.4e-21
10.85159979036173,-0.00033968193776913496,0.057558802514792076,0.05721912057702294,-0.003686092444685211,0.5530118969418382,0.549325804497153,200.0,-45.0,-50.0,1.0,25.0,78.30334375,9.607772795476752,2.4e-21
10.957351311613456,-0.0003331569051909052,0.05692873407002373,0.05659557716483283,-0.003650517252066645,0.5469583424789045,0.5433078252268377,200.0,-45.0,-50.0,1.0,25.0,78.30334375,9.607772795476752,2.4e-21
11.064133407569665,-0.0003267572135431542,0.05629952340614221,0.055972766192599055,-0.003615285402527188,0.5409130293798396,0.5372977439773126,200.0,-45.0,-50.0,1.0,25.0,78.30334375,9.607772795476752,2.4e-21
11.171956121435482,-0.0003204804551216047,0.05567123707910422,0.055350756623982623,-0.0035803935823962413,0.5348765970991541,0.5312962035167579,200.0,-45.0,-50.0,1.0,25.0,78.30334375,9.607772795476752,2.4e-21
11.280829594289568,-0.0003143242684721524,0.05504394200688627,0.05472961773841411,-0.003545838509984077,0.5288496885695618,0.5253038500595778,200.0,-45.0,-50.0,1.0,25.0,78.30334375,9.607772795476752,2.4e-21
11.390764066037894,-0.0003082863375024372,0.05441770545049595,0.054109419112993516,-0.003511616935273193,0.5228329500195419,0.5193213330842688,200.0,-45.0,-50.0,1.0,25.0,78.30334375,9.607772795476752,2.4e-21
11.501769876376837,-0.0003023643906104782,0.053792594994458695,0.053490230603848214,-0.0034777256396126377,0.5168270307858591,0.5133493051462465,200.0,-45.0,-50.0,1.0,25.0,78.30334375,9.607772795476752,2.4e-21
11.613857465765687,-0.0002965561998300458,0.05316867852678059,0.052872122326950544,-0.0034441614354152788,0.5108325831210514,0.5073884216856361,200.0,-45.0,-50.0,1.0,25.0,78.30334375,9.607772795476752,2.4e-21
11.727037376408568,-0.00029085957999245454,0.052546024218389796,0.05225516463839734,-0.003410921165858012,0.504850261995908,0.50143934083005,200.0,-45.0,-50.0,1.0,25.0,78.30334375,9.607772795476752,2.4e-21
11.841320253246003,-0.00028527238790445225,0.0519247005020579,0.051639428114153445,-0.0033780017045848413,0.49888072489695,0.49550272319236516,200.0,-45.0,-50.0,1.0,25.0,78.30334375,9.607772795476752,2.4e-21
11.956716844956096,-0.0002797925215419047,0.05130477605080431,0.0510249835292624,-0.0033453999554128337,0.49292463161894484,0.489579231663532,200.0,-45.0,-50.0,1.0,25.0,78.30334375,9.607772795476752,2.4e-21
12.073238004965454,-0.0002744179192589691,0.0506863197557872,0.05041190183652823,-0.0033131128520409265,0.4869826440524882,0.48366953120044726,200.0,-45.0,-50.0,1.0,25.0,78.30334375,9.607772795476752,2.4e-21
12.19089469247003,-0.0002691465590124555,0.05006940070368399,0.049800254144671534,-0.003281137357761516,0.48105542596667955,0.477774288608918,200.0,-45.0,-50.0,1.0,25.0,78.30334375,9.607772795476752,2.4e-21
12.309697973465829,-0.00026397645760109246,0.04945408815356654,0.04919011169596545,-0.003249470465174857,0.4751436427869457,0.4718941723217709,200.0,-45.0,-50.0,1.0,25.0,78.30334375,9.607772795476752,2.4e-21
12.429659021789737,-0.000258905669919401,0.04884045151327541,0.04858154584335601,-0.003218109195906199,0.4692479613680489,0.46602985217214266,200.0,-45.0,-50.0,1.0,25.0,78.30334375,9.607772795476752,2.4e-21
12.550789120170444,-0.00025393228822590403,0.04822856031529897,0.04797462802707307,-0.003187050600325662,0.4633690497623391,0.4601819991620134,200.0,-45.0,-50.0,1.0,25.0,78.30334375,9.607772795476752,2.4e-21
12.673099661289598,-0.0002490544414253932,0.04761848419216355,0.04736942975073816,-0.003156291757270822,0.4575075769833087,0.4543512852260379,200.0,-45.0,-50.0,1.0,25.0,78.30334375,9.607772795476752,2.4e-21
12.79660214885337,-0.00024427029436498024,0.047010292851340896,0.046766022556975914,-0.003125829773771952,0.4516642127645082,0.4485383829907363,200.0,-45.0,-50.0,1.0,25.0,78.30334375,9.607772795476752,2.4e-21
12.921308198674366,-0.00023957804714367362,0.046404056049680974,0.046164478002537306,-0.0030956617847799433,0.4458396273139032,0.4427439655291233,200.0,-45.0,-50.0,1.0,25.0,78.30334375,9.607772795476752,2.4e-21
13.047229539764178,-0.0002349759344352149,0.04579984356737744,0.04556486763294223,-0.0030657849528968263,0.44003449106374004,0.4369687061108432,200.0,-45.0,-50.0,1.0,25.0,78.30334375,9.607772795476752,2.4e-21
13.174378015436496,-0.00023046222482392599,0.04519772518147515,0.044967262956651224,-0.0030361964681089133,0.43424947441601147,0.4312132779479026,200.0,-45.0,-50.0,1.0,25.0,78.30334375,9.607772795476752,2.4e-21
13.302765584421037,-0.00022603522015331122,0.04459777063892814,0.04437173541877483,-0.003006893547522501,0.4284852474836056,0.4254783539360831,200.0,-45.0,-50.0,1.0,25.0,78.30334375,9.607772795476752,2.4e-21
13.432404321988303,-0.0002216932548871739,0.04400004962921893,0.043778356374331764,-0.0029778734351021295,0.4227424798272366,0.41976460639213453,200.0,-45.0,-50.0,1.0,25.0,78.30334375,9.607772795476752,2.4e-21
13.563306421085267,-0.0002174346954830063,0.04340463175654941,0.043187197061066405,-0.00294913340141138,0.4170218401882618,0.41407270678685043,200.0,-45.0,-50.0,1.0,25.0,78.30334375,9.607772795476752,2.4e-21
13.69548419348221,-0.0002132579397774132,0.04281158651161441,0.042598328571837,-0.0029206707433561433,0.41132399621748844,0.4084033254741323,200.0,-45.0,-50.0,1.0,25.0,78.30334375,9.607772795476752,2.4e-21
13.82895007093063,-0.00020916141638334469,0.04222098324297073,0.04201182182658739,-0.0028924827839304054,0.40564961420009404,0.4027571314161636,200.0,-45.0,-50.0,1.0,25.0,78.30334375,9.607772795476752,2.4e-21
13.963716606332534,-0.00020514358409890452,0.04163289112801358,0.04142774754391467,-0.0028645668719644475,0.39999935877677434,0.3971347919048099,200.0,-45.0,-50.0,1.0,25.0,78.30334375,9.607772795476752,2.4e-21
14.099796474921062,-0.00020120293132751689,0.04104737914357463,0.040846176212247114,-0.002836920381875508,0.3943738926612561,0.39153697227938067,200.0,-45.0,-50.0,1.0,25.0,78.30334375,9.607772795476752,2.4e-21
14.237202475452614,-0.0001973379755092312,0.040464516036155536,0.0402671780606463,-0.0028095407134208343,0.3887738763543079,0.385964335640887,200.0,-45.0,-50.0,1.0,25.0,78.30334375,9.607772795476752,2.4e-21
14.375947531410658,-0.0001935472625629489,0.039884370291811626,0.03969082302924868,-0.002782425291453116,0.3831999678543889,0.3804175425629358,200.0,-45.0,-50.0,1.0,25.0,78.30334375,9.607772795476752,2.4e-21
14.516044692221174,-0.0001898293663393682,0.03930701010570223,0.03911718073936286,-0.002755571565678295,0.3776528223650956,0.3748972507994173,200.0,-45.0,-50.0,1.0,25.0,78.30334375,9.607772795476752,2.4e-21
14.657507134480046,-0.00018618288808443394,0.038732503351322944,0.038546320463238505,-0.00272897701041569,0.37213309199955275,0.36940411498913706,200.0,-45.0,-50.0,1.0,25.0,78.30334375,9.607772795476752,2.4e-21
14.80034816319234,-0.00018260645591309602,0.038160917549438136,0.037978311093525036,-0.002702639124360454,0.36664142548192313,0.36393878635756266,200.0,-45.0,-50.0,1.0,25.0,78.30334375,9.607772795476752,2.4e-21
14.944581213023659,-0.00017909872429317742,0.03759231983673078,0.037413221112437604,-0.002676555430348323,0.361178467846203,0.35850191241585466,200.0,-45.0,-50.0,1.0,25.0,78.30334375,9.607772795476752,2.4e-21
15.090219849563775,-0.00017565837353915317,0.03702677693418832,0.03685111856064917,-0.0026507234751226177,0.3557448601324807,0.35309413665735806,200.0,-45.0,-50.0,1.0,25.0,78.30334375,9.607772795476752,2.4e-21
15.237277770602455,-0.0001722841093156582,0.0364643551152447,0.036292071005929044,-0.0026251408291035226,0.3503412390808516,0.34771609825174804,200.0,-45.0,-50.0,1.0,25.0,78.30334375,9.607772795476752,2.4e-21
15.38576880741783,-0.00016897466215052808,0.03590512017369739,0.035736145511546864,-0.0025998050861595614,0.3449682368231733,0.34236843173701376,200.0,-45.0,-50.0,1.0,25.0,78.30334375,9.607772795476752,2.4e-21
15.535706926077257,-0.00016572878695719656,0.03534913739142156,0.03518340860446436,-0.0025747138633813007,0.3396264805728701,0.3370517667094888,200.0,-45.0,-50.0,1.0,25.0,78.30334375,9.607772795476752,2.4e-21
15.687106228750848,-0.0001625452625662671,0.03479647150590236,0.03463392624333609,-0.0025498648008572306,0.3343165923129906,0.3317667275121334,200.0,-45.0,-50.0,1.0,25.0,78.30334375,9.607772795476752,2.4e-21
15.839980955037875,-0.00015942289126608125,0.03424718667760734,0.034087763786341256,-0.002525255561451801,0.32903918848272956,0.3265139329212778,200.0,-45.0,-50.0,1.0,25.0,78.30334375,9.607772795476752,2.4e-21
15.994345483305997,-0.00015636049835211424,0.03370134645722295,0.03354498595887083,-0.0025008838305856135,0.3237948796626435,0.32129399583205787,200.0,-45.0,-50.0,1.0,25.0,78.30334375,9.607772795476752,2.4e-21
16.150214332043635,-0.00015335693168502457,0.03315901375277805,0.03300565682109302,-0.0024767473160177207,0.3185842702587804,0.3161075229427627,200.0,-45.0,-50.0,1.0,25.0,78.30334375,9.607772795476752,2.4e-21
16.307602161225475,-0.00015041106125719418,0.03262025079667936,0.03246983973542216,-0.002452843747630038,0.3134079581859648,0.31095511443833473,200.0,-45.0,-50.0,1.0,25.0,78.30334375,9.607772795476752,2.4e-21
16.466523773691247,-0.00014752177876759554,0.032085119112684087,0.03193759733391649,-0.0024291708772138333,0.30826653455047737,0.30583736367326353,200.0,-45.0,-50.0,1.0,25.0,78.30334375,9.607772795476752,2.4e-21
16.62699411653805,-0.00014468799720482304,0.03155367948283509,0.03140899148563026,-0.0024057264782582663,0.30316058333237594,0.3007548568541177,200.0,-45.0,-50.0,1.0,25.0,78.30334375,9.607772795476752,2.4e-21
16.789028282526104,-0.000141908650438137,0.031025991914385993,0.03088408326394786,-0.0023825083457409925,0.2980906810677194,0.2957081727219784,200.0,-45.0,-50.0,1.0,25.0,78.30334375,9.607772795476752,2.4e-21
16.952641511498328,-0.00013918269281636082,0.03050211560674249,0.03036293291392613,-0.0023595142959207584,0.2930573965309473,0.2906978822350266,200.0,-45.0,-50.0,1.0,25.0,78.30334375,9.607772795476752,2.4e-21
17.11784919181368,-0.00013650909877448449,0.029982108918448526,0.029845599819674044,-0.0023367421661320237,0.28806129041769063,0.2857245482515586,200.0,-45.0,-50.0,1.0,25.0,78.30334375,9.607772795476752,2.4e-21
17.284666861794445,-0.00013388686244782504,0.029466029334245466,0.02933214247179764,-0.0023141898145815527,0.28310291502828355,0.280788725213702,200.0,-45.0,-50.0,1.0,25.0,78.30334375,9.607772795476752,2.4e-21
17.453110211187745,-0.00013131499729359704,0.028953933432233063,0.028822618434939464,-0.00229185512014697,0.27818281395225364,0.2758909588321067,200.0,-45.0,-50.0,1.0,25.0,78.30334375,9.607772795476752,2.4e-21
17.62319508264112,-0.0001287925357197549,0.02844587685116273,0.028317084315442977,-0.0022697359821772655,0.2733015217540832,0.2710317857719059,200.0,-45.0,-50.0,1.0,25.0,78.30334375,9.607772795476752,2.4e-21
17.794937473192654,-0.00012631852872096246,0.027941914257892466,0.027815595729171503,-0.002247830320295217,0.2684595636605232,0.26621173334022796,200.0,-45.0,-50.0,1.0,25.0,78.30334375,9.607772795476752,2.4e-21
17.968353535775517,-0.00012389204552155672,0.027442099315034833,0.027318207269513273,-0.002226136074201725,0.2636574552497629,0.26143131917556117,200.0,-45.0,-50.0,1.0,25.0,78.30334375,9.607772795476752,2.4e-21
18.143459580737183,-0.00012151217322537033,0.026946484648829167,0.026824972475603795,-0.0022046512034820413,0.2588957021427528,0.25669105093927075,200.0,-45.0,-50.0,1.0,25.0,78.30334375,9.607772795476752,2.4e-21
18.320272077373527,-0.00011917801647227864,0.026455121817269476,0.026335943800797196,-0.0021833736874138482,0.2541747996969852,0.25199142600957136,200.0,-45.0,-50.0,1.0,25.0,78.30334375,9.607772795476752,2.4e-21
18.498807655477737,-0.00011688869710134717,0.02596806127852103,0.02585117258141968,-0.0021623015247772192,0.24949523270304758,0.24733293117827038,200.0,-45.0,-50.0,1.0,25.0,78.30334375,9.607772795476752,2.4e-21
18.679083106904482,-0.00011464335382044682,0.02548535235965737,0.025370709005836923,-0.002141432733666382,0.24485747508425532,0.24271604235058897,200.0,-45.0,-50.0,1.0,25.0,78.30334375,9.607772795476752,2.4e-21
18.861115387149205,-0.0001124411418822177,0.025007043225751726,0.02489460208386951,-0.0021207653513033234,0.24026198959968864,0.23814122424838532,200.0,-45.0,-50.0,1.0,25.0,78.30334375,9.607772795476752,2.4e-21
19.0449216169428,-0.00011028123276625672,0.02453318084935584,0.024422899616589583,-0.002100297433853184,0.2357092275509523,0.2336089301170991,200.0,-45.0,-50.0,1.0,25.0,78.30334375,9.607772795476752,2.4e-21
19.230519083861967,-0.00010816281386740943,0.024063810980399808,0.0239556481665324,-0.0020800270562414272,0.23119962849298,0.22911960143673857,200.0,-45.0,-50.0,1.0,25.0,78.30334375,9.607772795476752,2.4e-21
19.417925243955064,-0.00010608508819005087,0.023598978116547598,0.02349289302835755,-0.002059952311972788,0.22673361994921726,0.22467366763724447,200.0,-45.0,-50.0,1.0,25.0,78.30334375,9.607772795476752,2.4e-21
19.607157723383988,-0.00010404727404823764,0.023138725474041878,0.02303467819999364,-0.002040071312951953,0.22231161713150446,0.2202715458185525,200.0,-45.0,-50.0,1.0,25.0,78.30334375,9.607772795476752,2.4e-21
19.798234320081935,-0.00010204860477162096,0.0226830949590732,0.022581046354301578,-0.0020203821893059835,0.21793402266499934,0.21591364047569336,200.0,-45.0,-50.0,1.0,25.0,78.30334375,9.607772795476752,2.4e-21
19.991173005427335,-0.00010008832841700866,0.022232127139708138,0.022132038811291128,-0.0020008830892084494,0.2136012263184682,0.21160034322925977,200.0,-45.0,-50.0,1.0,25.0,78.30334375,9.607772795476752,2.4e-21
20.18599192593417,-9.816570748546697e-05,0.021785861218410772,0.021687695510925305,-0.001981572178705252,0.20931360474027905,0.20733203256157381,200.0,-45.0,-50.0,1.0,25.0,78.30334375,9.607772795476752,2.4e-21
20.382709404958657,-9.628001864485811e-05,0.021344335005193112,0.021248054986548255,-0.0019624476415421445,0.20507152120043656,0.2031090735588944,200.0,-45.0,-50.0,1.0,25.0,78.30334375,9.607772795476752,2.4e-21
20.581343944422667,-9.443055245770613e-05,0.02090758489142868,0.020813154338970977,-0.001943507678993897,0.20087532533898922,0.1989318176599953,200.0,-45.0,-50.0,1.0,25.0,78.30334375,9.607772795476752,2.4e-21
20.781914226553877,-9.261661311429135e-05,0.020475645824364664,0.020383029211250372,-0.0019247505096951277,0.19672535292114796,0.1948006024114528,200.0,-45.0,-50.0,1.0,25.0,78.30334375,9.607772795476752,2.4e-21
20.98443911564285,-9.083751817087169e-05,0.02004855128236729,0.019957713764196416,-0.0019061743694727584,0.19262192559944902,0.19071575122997625,200.0,-45.0,-50.0,1.0,25.0,78.30334375,9.607772795476752,2.4e-21
21.188937659817377,-8.909259829293178e-05,0.019626333250934835,0.019537240652641903,-0.0018877775111800841,0.1885653506832925,0.18667757317211242,200.0,-45.0,-50.0,1.0,25.0,78.30334375,9.607772795476752,2.4e-21
21.395429092833908,-8.738119700336537e-05,0.019209022199513415,0.019121641002510053,-0.0018695582045324542,0.184555920916194,0.18268636271166153,200.0,-45.0,-50.0,1.0,25.0,78.30334375,9.607772795476752,2.4e-21
21.60393283588664,-8.57026704354935e-05,0.018796647059149046,0.018710944388713555,-0.0018515147359445293,0.1805939142610703,0.17874239952512577,200.0,-45.0,-50.0,1.0,25.0,78.30334375,9.607772795476752,2.4e-21
21.814468499434096,-8.405638709082835e-05,0.01838923520101074,0.01830517881391991,-0.0018336454083691135,0.17667959369389444,0.17484594828552533,200.0,-45.0,-50.0,1.0,25.0,78.30334375,9.607772795476752,2.4e-21
22.02705588504354,-8.244172760148948e-05,0.017986812415817777,0.017904370688216285,-0.0018159485411375455,0.1728132070060375,0.17099725846489996,200.0,-45.0,-50.0,1.0,25.0,78.30334375,9.607772795476752,2.4e-21
22.24171498725345,-8.085808449718375e-05,0.017589402894204378,0.017508544809707195,-0.0017984224698016171,0.16899498661561685,0.16719656414581524,200.0,-45.0,-50.0,1.0,25.0,78.30334375,9.607772795476752,2.4e-21
22.45846599545396,-7.93048619766623e-05,0.017197029208055093,0.017117724346078427,-0.0017810655459770401,0.16522514938817082,0.16344408384219375,200.0,-45.0,-50.0,1.0,25.0,78.30334375,9.607772795476752,2.4e-21
22.67732929578585,-7.778147568356645e-05,0.01680971229284222,0.016731930817158652,-0.0017638761371883964,0.16150389646696064,0.15974002032977225,200.0,-45.0,-50.0,1.0,25.0,78.30334375,9.607772795476752,2.4e-21
22.89832547305787,-7.628735248658027e-05,0.01642747143099791,0.01635118407851133,-0.0017468526267156055,0.15783141311321325,0.15608456048649763,200.0,-45.0,-50.0,1.0,25.0,78.30334375,9.607772795476752,2.4e-21
23.12147531268279,-7.482193026380621e-05,0.01605032423635122,0.015975502306087415,-0.0017299934134418686,0.15420786855659646,0.15247787514315458,200.0,-45.0,-50.0,1.0,25.0,78.30334375,9.607772795476752,2.4e-21
23.3467998026324,-7.338465769128217e-05,0.01567828663966065,0.015604901981969368,-0.0017132969117030724,0.1506334158562182,0.14892011894451515,200.0,-45.0,-50.0,1.0,25.0,78.30334375,9.607772795476752,2.4e-21
23.574320135411423,-7.197499403556168e-05,0.015311372875271779,0.015239397881236218,-0.0016967615511386583,0.14710819177243686,0.1454114302212982,200.0,-45.0,-50.0,1.0,25.0,78.30334375,9.607772795476752,2.4e-21
23.804057710050806,-7.059240895027781e-05,0.014949595468928333,0.014879003059978056,-0.0016803857765439198,0.14363231664975215,0.14195193087320823,200.0,-45.0,-50.0,1.0,25.0,78.30334375,9.607772795476752,2.4e-21
24.03603413412035,-6.923638227661528e-05,0.01459296522676479,0.014523728844488175,-0.00166416804772373,0.140205894311049,0.13854172626332525,200.0,-45.0,-50.0,1.0,25.0,78.30334375,9.607772795476752,2.4e-21
24.270271225760908,-6.790640384761581e-05,0.014241491225507153,0.014173584821659539,-0.00164810683934769,0.1368290119634485,0.1351809051241008,200.0,-45.0,-50.0,1.0,25.0,78.30334375,9.607772795476752,2.4e-21
24.506791015736574,-6.660197329624133e-05,0.013895180803907297,0.013828578830611055,-0.0016322006408066546,0.13350174011601132,0.13186953947520466,200.0,-45.0,-50.0,1.0,25.0,78.30334375,9.607772795476752,2.4e-21
24.745615749506626,-6.532259986712563e-05,0.013554039555436185,0.013488716955569061,-0.0016164479560706632,0.1302241325095356,0.1286076845534649,200.0,-45.0,-50.0,1.0,25.0,78.30334375,9.607772795476752,2.4e-21
24.98676788931787,-6.406780223194092e-05,0.013218071322258681,0.013154003520026741,-0.0016008473035482296,0.12699622605866837,0.12539537875512013,200.0,-45.0,-50.0,1.0,25.0,78.30334375,9.607772795476752,2.4e-21
25.230270116317268,-6.283710830831187e-05,0.012887278190512741,0.01282444108220443,-0.0015853972159469926,0.12381804080654918,0.1222326435906022,200.0,-45.0,-50.0,1.0,25.0,78.30334375,9.607772795476752,2.4e-21
25.47614533268512,-6.163005508220786e-05,0.012561660486913621,0.012500030431831415,-0.0015700962401357169,0.12068957989218393,0.11911948365204822,200.0,-45.0,-50.0,1.0,25.0,78.30334375,9.607772795476752,2.4e-21
25.72441666378918,-6.044618843374674e-05,0.012241216776702597,0.01218077058826885,-0.0015549429370076157,0.11761082953073686,0.11605588659372926,200.0,-45.0,-50.0,1.0,25.0,78.30334375,9.607772795476752,2.4e-21
25.97510746035958,-5.9285062966345306e-05,0.01192594386295866,0.011866658799992316,-0.0015399358813450036,0.11458175900691712,0.11304182312557212,200.0,-45.0,-50.0,1.0,25.0,78.30334375,9.607772795476752,2.4e-21
26.22824130068512,-5.814624183915094e-05,0.0116158367872894,0.011557690545450248,-0.0015250736616852438,0.11160232068161714,0.1100772470199319,200.0,-45.0,-50.0,1.0,25.0,78.30334375,9.607772795476752,2.4e-21
26.483841992830854,-5.7029296602692784e-05,0.011310888831916551,0.011253859535313857,-0.0015103548801880013,0.10867245001194965,0.10716209513176166,200.0,-45.0,-50.0,1.0,25.0,78.30334375,9.607772795476752,2.4e-21
26.74193357687727,-5.5933807037689736e-05,0.01101109152316958,0.01095515771613189,-0.0014957781525037695,0.10579206558481336,0.10429628743230958,200.0,-45.0,-50.0,1.0,25.0,78.30334375,9.607772795476752,2.4e-21
27.002540327181432,-5.485936099695437e-05,0.01071643463639892,0.010661575275401966,-0.001481342107643665,0.10296106916409836,0.10147972705645471,200.0,-45.0,-50.0,1.0,25.0,78.30334375,9.607772795476752,2.4e-21
27.26568675465997,-5.380555425033459e-05,0.010426906202319446,0.010373100648069112,-0.001467045387850486,0.10017934575163256,0.09871230036378209,200.0,-45.0,-50.0,1.0,25.0,78.30334375,9.607772795476752,2.4e-21
27.531397609094476,-5.2771990332632964e-05,0.010142492514791998,0.010089720524459365,-0.001452886648471008,0.09744676366194517,0.09599387701347416,200.0,-45.0,-50.0,1.0,25.0,78.30334375,9.607772795476752,2.4e-21
27.79969788145929,-5.175828039444806e-05,0.009863178140049963,0.009811419859655517,-0.0014388645578295137,0.09476317461091303,0.09332431005308352,200.0,-45.0,-50.0,1.0,25.0,78.30334375,9.607772795476752,2.4e-21
28.07061280627193,-5.076404305588088e-05,0.009588945927375261,0.00953818188431938,-0.0014249777971025498,0.09212841381833363,0.09070343602123108,200.0,-45.0,-50.0,1.0,25.0,78.30334375,9.607772795476752,2.4e-21
28.344167863966575,-4.978890426305103e-05,0.009319777021226489,0.009269988116963437,-0.0014112250601948796,0.08954230012444922,0.08813107506425434,200.0,-45.0,-50.0,1.0,25.0,78.30334375,9.607772795476752,2.4e-21
28.620388783290476,-4.883249714736985e-05,0.009055650874820244,0.009006818377672875,-0.0013976050536166483,0.0870046361204332,0.08560703106681655,200.0,-45.0,-50.0,1.0,25.0,78.30334375,9.607772795476752,2.4e-21
28.899301543723936,-4.789446188751603e-05,0.008796545265163989,0.008748650803276473,-0.0013841164963617194,0.08451520829282239,0.08313109179646067,200.0,-45.0,-50.0,1.0,25.0,78.30334375,9.607772795476752,2.4e-21
29.180932377923664,-4.697444557406334e-05,0.008542436309537639,0.008495461863963577,-0.0013707581197871977,0.08207378718186856,0.08070302906208136,200.0,-45.0,-50.0,1.0,25.0,78.30334375,9.607772795476752,2.4e-21
29.465307774190126,-4.607210207670797e-05,0.008293298483418086,0.008247226381341378,-0.0013575286674941047,0.07968012755375291,0.0783225988862588,200.0,-45.0,-50.0,1.0,25.0,78.30334375,9.607772795476752,2.4e-21
29.75245447895883,-4.518709191404696e-05,0.008049104639839506,0.008003917547925458,-0.001344426895209211,0.0773339685865957,0.0759895416913865,200.0,-45.0,-50.0,1.0,25.0,78.30334375,9.607772795476752,2.4e-21
30.04239949931586,-4.4319082125857906e-05,0.007809826030179772,0.007765506948053914,-0.0013314515706680122,0.07503503407016741,0.0737035824994994,200.0,-45.0,-50.0,1.0,25.0,78.30334375,9.607772795476752,2.4e-21
30.335170105538044,-4.3467746147831884e-05,0.0075754323263610875,0.007531964580213255,-0.001318601473498826,0.07278303261918721,0.07146443114568839,200.0,-45.0,-50.0,1.0,25.0,78.30334375,9.607772795476752,2.4e-21
30.630793833657822,-4.263276368871273e-05,0.007345891644450982,0.0073032588807622695,-0.0013058753951080131,0.07057765790007613,0.06927178250496813,200.0,-45.0,-50.0,1.0,25.0,78.30334375,9.607772795476752,2.4e-21
30.929298488053053,-4.18138206097967e-05,0.007121170569647676,0.007079356749037879,-0.0012932721385663065,0.06841858887101063,0.06712531673244432,200.0,-45.0,-50.0,1.0,25.0,78.30334375,9.607772795476752,2.4e-21
31.23071214406214,-4.101060880674633e-05,0.006901234182631154,0.006860223573824408,-0.0012807905184962344,0.06630549003509784,0.0650246995166016,200.0,-45.0,-50.0,1.0,25.0,78.30334375,9.607772795476752,2.4e-21
31.535063150624605,-4.022282609367504e-05,0.006686046087259651,0.0066458232611659755,-0.0012684293609606337,0.06423801170647706,0.06296958234551642,200.0,-45.0,-50.0,1.0,25.0,78.30334375,9.607772795476752,2.4e-21
31.842380132947323,-3.9450176089458224e-05,0.006475568439588656,0.006436118263499198,-0.0012561875033522381,0.062215790289127736,0.06095960278577549,200.0,-45.0,-50.0,1.0,25.0,78.30334375,9.607772795476752,2.4e-21
32.15269199519696,-3.8692368106227826e-05,0.00626976197818729,0.006231069610081063,-0.0012440637942843257,0.06023844856814235,0.05899438477385802,200.0,-45.0,-50.0,1.0,25.0,78.30334375,9.607772795476752,2.4e-21
32.466027923218405,-3.794911704000955e-05,0.006068586055725153,0.0060306369386851424,-0.0012320570934824338,0.058305596013205695,0.05707353891972326,200.0,-45.0,-50.0,1.0,25.0,78.30334375,9.607772795476752,2.4e-21
32.78241738727981,-3.722014326346035e-05,0.005871998671799891,0.00583477852853643,-0.001220166271677108,0.05641682909399461,0.055196662822317506,200.0,-45.0,-50.0,1.0,25.0,78.30334375,9.607772795476752,2.4e-21
33.1018901448444,-3.650517252066641e-05,0.005679956506974088,0.005643451334453421,-0.0012083902104976921,0.0545717316071968,0.053363341396699106,200.0,-45.0,-50.0,1.0,25.0,78.30334375,9.607772795476752,2.4e-21
33.42447624336915,-3.580393582396239e-05,0.005492414957987666,0.005456611022163703,-0.0011967278023671448,0.052769875014823484,0.05157314721245634,200.0,-45.0,-50.0,1.0,25.0,78.30334375,9.607772795476752,2.4e-21
33.75020602313102,-3.5116169352731925e-05,0.005309328174109724,0.005274212004756993,-0.001185177950397862,0.05101081879346967,0.04982564084307181,200.0,-45.0,-50.0,1.0,25.0,78.30334375,9.607772795476752,2.4e-21
34.07911012008042,-3.4441614354152814e-05,0.005130649094592114,0.005096207480237961,-0.001173739568288516,0.04929411079415954,0.04812037122587102,200.0,-45.0,-50.0,1.0,25.0,78.30334375,9.607772795476752,2.4e-21
34.41121946872269,-3.3780017045848435e-05,0.004956329487184404,0.004922549470138556,-0.001162411580221884,0.04761928761238955,0.04645687603216767,200.0,-45.0,-50.0,1.0,25.0,78.30334375,9.607772795476752,2.4e-21
34.74656530502758,-3.313112852040924e-05,0.00478631998766826,0.004753188859147851,-0.0011511929207636614,0.04598587496796573,0.04483468204720207,200.0,-45.0,-50.0,1.0,25.0,78.30334375,9.607772795476752,2.4e-21
35.085179169366995,-3.249470465174854e-05,0.004620570140367221,0.004588075435715473,-0.0011400825347622611,0.04439338809421238,0.043253305559450124,200.0,-45.0,-50.0,1.0,25.0,78.30334375,9.607772795476752,2.4e-21
35.427092909481644,-3.1870506003256614e-05,0.004459028439585648,0.004427157933582392,-0.0011290793772495645,0.042841332136108135,0.04171225275885857,200.0,-45.0,-50.0,1.0,25.0,78.30334375,9.607772795476752,2.4e-21
35.77233868347632,-3.125829773771953e-05,0.004301642371929279,0.0042703840741915595,-0.001118182413342645,0.041329202556892215,0.04021102014354957,200.0,-45.0,-50.0,1.0,25.0,78.30334375,9.607772795476752,2.4e-21
36.120948962844494,-3.0657849528968285e-05,0.004148358459457576,0.004117700609928608,-0.0011073906181464296,0.03985648555266235,0.03874909493451592,200.0,-45.0,-50.0,1.0,25.0,78.30334375,9.607772795476752,2.4e-21
36.472956535522385,-3.0068935475224964e-05,0.003999122303616498,0.003969053368141273,-0.0010967029766573075,0.03842265847447091,0.037325955497813604,200.0,-45.0,-50.0,1.0,25.0,78.30334375,9.607772795476752,2.4e-21
36.82839450897266,-2.9491334014113784e-05,0.0038538786298987627,0.0038243872958846495,-0.0010861184836676667,0.03702719025741055,0.03594107177374288,200.0,-45.0,-50.0,1.0,25.0,78.30334375,9.607772795476752,2.4e-21
37.18729631329848,-2.8924827839304048e-05,0.003712571333176803,0.003683646505337499,-0.0010756361436713448,0.03566954185616294,0.034593905712491595,200.0,-45.0,-50.0,1.0,25.0,78.30334375,9.607772795476752,2.4e-21
37.54969570438761,-2.83692038187551e-05,0.003575143523652621,0.003546774319833866,-0.001065254970770005,0.034349166686474544,0.03328391171570454,200.0,-45.0,-50.0,1.0,25.0,78.30334375,9.607772795476752,2.4e-21
37.91562676708727,-2.782425291453118e-05,0.003441537573366834,0.0034137133204523032,-0.0010549739885804045,0.03306551107200495,0.032010537083424544,200.0,-45.0,-50.0,1.0,25.0,78.30334375,9.607772795476752,2.4e-21
38.28512391840996,-2.7289770104156865e-05,0.0033116951632082546,0.0032844053931040977,-0.001044792230142565,0.031818014695984206,0.030773222465841642,200.0,-45.0,-50.0,1.0,25.0,78.30334375,9.607772795476752,2.4e-21
38.65822191077037,-2.676555430348322e-05,0.0031855573303640537,0.00315879177606057,-0.0010347087378288294,0.030606111057103303,0.029571402319274475,200.0,-45.0,-50.0,1.0,25.0,78.30334375,9.607772795476752,2.4e-21
39.034955835254195,-2.6251408291035214e-05,0.0030630645161492925,0.0030368131078582577,-0.0010247225632537857,0.02942922792904933,0.028404505365795547,200.0,-45.0,-50.0,1.0,25.0,78.30334375,9.607772795476752,2.4e-21
39.415361124918356,-2.574713863381301e-05,0.0029441566141540864,0.0029184094755202736,-0.0010148327671850768,0.028286787823092574,0.027271955055907494,200.0,-45.0,-50.0,1.0,25.0,78.30334375,9.607772795476752,2.4e-21
39.79947355812368,-2.5252555614518032e-05,0.0028287730186452,0.0028035204630306823,-0.0010050384194550583,0.027178208453118004,0.026173170033662947,200.0,-45.0,-50.0,1.0,25.0,78.30334375,9.607772795476752,2.4e-21
40.18732926190001,-2.4767473160177182e-05,0.0027168526731585958,0.0026920851999984183,-0.0009953385988733117,0.026102903202491447,0.025107564603618134,200.0,-45.0,-50.0,1.0,25.0,78.30334375,9.607772795476752,2.4e-21
40.5789647153439,-2.4291708772138316e-05,0.002608334119218669,0.002584042410446531,-0.0009857323931400108,0.025060281592142946,0.024074549199002936,200.0,-45.0,-50.0,1.0,25.0,78.30334375,9.607772795476752,2.4e-21
40.97441675304983,-2.3825083457409925e-05,0.00250315554511922,0.0024793304616618104,-0.0009762188987601074,0.024049749749243225,0.023073530850483116,200.0,-45.0,-50.0,1.0,25.0,78.30334375,9.607772795476752,2.4e-21
41.37372256857445,-2.3367421661320242e-05,0.0024012548347012515,0.0023778874130399312,-0.0009667972209583609,0.023070710875849706,0.02210391365489135,200.0,-45.0,-50.0,1.0,25.0,78.30334375,9.607772795476752,2.4e-21
41.77691971793484,-2.291855120146972e-05,0.0023025696160620325,0.002279651064860563,-0.0009574664735951797,0.022122565716892143,0.021165099243296966,200.0,-45.0,-50.0,1.0,25.0,78.30334375,9.607772795476752,2.4e-21
42.18404612314076,-2.247830320295215e-05,0.002207037310129976,0.0021845590069270236,-0.0009482257790832761,0.021204713026868976,0.0202564872477857,200.0,-45.0,-50.0,1.0,25.0,78.30334375,9.607772795476752,2.4e-21
42.595140075761215,-2.20465120348204e-05,0.0021145951790399,0.0020925486670050797,-0.0009390742683051303,0.020316550034625843,0.01937747576632071,200.0,-45.0,-50.0,1.0,25.0,78.30334375,9.607772795476752,2.4e-21
43.01024024052614,-2.1623015247772188e-05,0.002025180374243249,0.0020035573589954766,-0.0009300110805312416,0.019457472905587716,0.018527461825056473,200.0,-45.0,-50.0,1.0,25.0,78.30334375,9.607772795476752,2.4e-21
43.42938565896275,-2.1207653513033245e-05,0.0019387299842884274,0.0019175223307753943,-0.0009210353633391772,0.018626877200821425,0.017705841837482247,200.0,-45.0,-50.0,1.0,25.0,78.30334375,9.607772795476752,2.4e-21
43.852615753067624,-2.0800270562414294e-05,0.00185518108220657,0.0018343808116441558,-0.0009121462725333979,0.0178241583323074,0.016912012059774002,200.0,-45.0,-50.0,1.0,25.0,78.30334375,9.607772795476752,2.4e-21
44.27997032901446,-2.0400713129519505e-05,0.0017744707724388152,0.0017540700593092957,-0.0009033429720658596,0.01704871201380627,0.01614536904174041,200.0,-45.0,-50.0,1.0,25.0,78.30334375,9.607772795476752,2.4e-21
44.71148958089782,-2.0008830892084484e-05,0.0016965362372418863,0.001676527406349802,-0.0008946246339573819,0.016299934706713086,0.015405310072755706,200.0,-45.0,-50.0,1.0,25.0,78.30334375,9.607772795476752,2.4e-21
45.14721409451381,-1.9624476415421437e-05,0.001621314782509462,0.0016016903060940405,-0.0008859904382197685,0.015577224060298716,0.014691233622078947,200.0,-45.0,-50.0,1.0,25.0,78.30334375,9.607772795476752,2.4e-21
45.58718485117705,-1.924750509695129e-05,0.0015487438829481705,0.001529496377851219,-0.0008774395727786909,0.014879979345750463,0.014002539772971773,200.0,-45.0,-50.0,1.0,25.0,78.30334375,9.607772795476752,2.4e-21
46.03144323157526,-1.8877775111800854e-05,0.0014787612265478166,0.0014598834514360159,-0.0008689712333973053,0.014207601883431948,0.013338630650034643,200.0,-45.0,-50.0,1.0,25.0,78.30334375,9.607772795476752,2.4e-21
46.48003101966118,-1.851514735944528e-05,0.0014113047582870067,0.0013927896109275615,-0.0008605846236006142,0.013559495462796799,0.012698910839196184,200.0,-45.0,-50.0,1.0,25.0,78.30334375,9.607772795476752,2.4e-21
46.9329904065824,-1.815948541137544e-05,0.001346312723016652,0.0013281532376052765,-0.0008522789546005566,0.01293506675440362,0.012082787799803062,200.0,-45.0,-50.0,1.0,25.0,78.30334375,9.607772795476752,2.4e-21
47.39036399464975,-1.7810655459770404e-05,0.0012837237074653288,0.0012659130520055585,-0.0008440534452218156,0.012333725713493943,0.011489672268272128,200.0,-45.0,-50.0,1.0,25.0,78.30334375,9.607772795476752,2.4e-21
47.852194801344126,-1.7468526267156064e-05,0.0012234766813123512,0.0012060081550451952,-0.0008359073218283488,0.011754885974612989,0.01091897865278464,200.0,-45.0,-50.0,1.0,25.0,78.30334375,9.607772795476752,2.4e-21
48.31852626336236,-1.7132969117030743e-05,0.001165511037276024,0.0011483780681589932,-0.0008278398182506262,0.011197965236768474,0.010370125418517848,200.0,-45.0,-50.0,1.0,25.0,78.30334375,9.607772795476752,2.4e-21
48.78940224070268,-1.6803857765439174e-05,0.001109766630166589,0.0010929627724011498,-0.0008198501757135673,0.010662385638642463,0.009842535462928896,200.0,-45.0,-50.0,1.0,25.0,78.30334375,9.607772795476752,2.4e-21
49.264867020789694,-1.6481068393476897e-05,0.0010561838148554635,0.0010397027464619866,-0.0008119376427651792,0.010147574123391179,0.009335636480625999,200.0,-45.0,-50.0,1.0,25.0,78.30334375,9.607772795476752,2.4e-21
49.74496532264006,-1.6164479560706636e-05,0.0010047034831143988,0.0009885390035536921,-0.0008041014752058757,0.009652962792587256,0.00884886131738138,200.0,-45.0,-50.0,1.0,25.0,78.30334375,9.607772795476752,2.4e-21
50.229742301068256,-1.5853972159469932e-05,0.0009552670992807112,0.0009394131271212414,-0.0007963409360184854,0.009177989248883208,0.008381648312864722,200.0,-45.0,-50.0,1.0,25.0,78.30334375,9.607772795476752,2.4e-21
50.71924355093356,-1.5549429370076176e-05,0.0009078167347068911,0.0008922673053368148,-0.0007886552952989327,0.008722096926995404,0.00793344163169647,200.0,-45.0,-50.0,1.0,25.0,78.30334375,9.607772795476752,2.4e-21
51.21351511142849,-1.5250736616852428e-05,0.0008622951009555209,0.0008470443643386685,-0.0007810438301875875,0.008284735412633332,0.007503691582445744,200.0,-45.0,-50.0,1.0,25.0,78.30334375,9.607772795476752,2.4e-21
51.71260347040872,-1.4957781525037686e-05,0.0008186455817030137,0.000803687800177976,-0.0007735058248012794,0.007865360749023456,0.007091854924222178,200.0,-45.0,-50.0,1.0,25.0,78.30334375,9.607772795476752,2.4e-21
52.216555568765706,-1.4670453878504866e-05,0.0007768122633182512,0.0007621418094397463,-0.0007660405701659635,0.007463435730701816,0.006697395160535852,200.0,-45.0,-50.0,1.0,25.0,78.30334375,9.607772795476752,2.4e-21
52.725418804841446,-1.438864557829515e-05,0.0007367399640851052,0.00072235131850681,-0.0007586473641500417,0.007078430184277393,0.006319782820127352,200.0,-45.0,-50.0,1.0,25.0,78.30334375,9.607772795476752,2.4e-21
53.23924103888648,-1.4112250601948806e-05,0.000698374262040508,0.0006842620114385591,-0.0007513255113983235,0.006709821235893944,0.005958495724495621,200.0,-45.0,-50.0,1.0,25.0,78.30334375,9.607772795476752,2.4e-21
53.7580705975614,-1.3841164963617185e-05,0.0006616615214026934,0.0006478203564390762,-0.000744074323266626,0.0063570935651465574,0.005613019241879931,200.0,-45.0,-50.0,1.0,25.0,78.30334375,9.607772795476752,2.4e-21
54.28195627848184,-1.3575286674941033e-05,0.0006265489175671748,0.0006129736308922338,-0.0007368931177570066,0.0060197396452373085,0.0052828465274803015,200.0,-45.0,-50.0,1.0,25.0,78.30334375,9.607772795476752,2.4e-21
54.810947354808455,-1.3314515706680129e-05,0.0005929844606509436,0.0005796699449442635,-0.0007297812194536149,0.005697259969182591,0.004967478749728976,200.0,-45.0,-50.0,1.0,25.0,78.30334375,9.607772795476752,2.4e-21
55.34509357988096,-1.305875395108014e-05,0.0005609170175685298,0.0005478582636174497,-0.0007227379594591705,0.005389163261914876,0.0046664253024557055,200.0,-45.0,-50.0,1.0,25.0,78.30334375,9.607772795476752,2.4e-21
55.88444519189765,-1.2807905184962353e-05,0.000530296332626502,0.0005174884274415395,-0.0007157626753320504,0.005094966678149996,0.004379204002817945,200.0,-45.0,-50.0,1.0,25.0,78.30334375,9.607772795476752,2.4e-21
56.42905291864054,-1.2561875033522371e-05,0.0005010730466261234,0.000488511171592601,-0.0007088547110239833,0.004814195985921122,0.004105341274897139,200.0,-45.0,-50.0,1.0,25.0,78.30334375,9.607772795476752,2.4e-21
56.97896798224624,-1.232057093482433e-05,0.00047319871446701054,0.0004608781435321862,-0.0007020134168183492,0.0045463857357107154,0.003844372318892366,200.0,-45.0,-50.0,1.0,25.0,78.30334375,9.607772795476752,2.4e-21
57.53424210402392,-1.2083902104976925e-05,0.00044662582124763714,0.0004345419191426602,-0.0006952381492690668,0.004291079415140511,0.0035958412658714436,200.0,-45.0,-50.0,1.0,25.0,78.30334375,9.607772795476752,2.4e-21
58.09492750931961,-1.1851779503978625e-05,0.0004213077968617635,0.0004094560173577849,-0.0006885282711400782,0.004047829589210696,0.0033593013180706183,200.0,-45.0,-50.0,1.0,25.0,78.30334375,9.607772795476752,2.4e-21
58.661076932428266,-1.1624115802218843e-05,0.00039719902909283425,0.0003855749132906154,-0.0006818831513454148,0.003816198026107912,0.0031343148747624973,200.0,-45.0,-50.0,1.0,25.0,78.30334375,9.607772795476752,2.4e-21
59.23274362155362,-1.1400825347622604e-05,0.00037425487521150475,0.0003628540498638822,-0.0006753021648898396,0.003595755808631642,0.0029204536437418024,200.0,-45.0,-50.0,1.0,25.0,78.30334375,9.607772795476752,2.4e-21
59.80998134381613,-1.118182413342644e-05,0.00035243167208448827,0.00034124984795106186,-0.0006687846928100684,0.0033860834313177305,0.0027172987385076616,200.0,-45.0,-50.0,1.0,25.0,78.30334375,9.607772795476752,2.4e-21
60.392844390310316,-1.0967029766573086e-05,0.0003316867448058507,0.00032071971503927764,-0.0006623301221165495,0.003186770883365893,0.0025244407612493433,200.0,-45.0,-50.0,1.0,25.0,78.30334375,9.607772795476752,2.4e-21
60.98138758121076,-1.0756361436713456e-05,0.0003119784138648909,0.00030122205242817744,-0.0006559378457358123,0.002997417717507086,0.0023414798717712737,200.0,-45.0,-50.0,1.0,25.0,78.30334375,9.607772795476752,2.4e-21
61.575666270928195,-1.054973988580405e-05,0.00029326600086756305,0.000282716260981759,-0.0006496072624533704,0.0028176331049736335,0.0021680258425202633,200.0,-45.0,-50.0,1.0,25.0,78.30334375,9.607772795476752,2.4e-21
62.17573635331583,-1.0347087378288286e-05,0.00027550983283121324,0.00026516274545292497,-0.0006433377768571743,0.0026470358767620786,0.002003698099904904,200.0,-45.0,-50.0,1.0,25.0,78.30334375,9.607772795476752,2.4e-21
62.781654266926076,-1.0148327671850767e-05,0.00025867124507517676,0.000248522917403326,-0.0006371287992816136,0.0024852545514053833,0.0018481257521237699,200.0,-45.0,-50.0,1.0,25.0,78.30334375,9.607772795476752,2.4e-21
63.3934770003192,-9.953385988733124e-06,0.00024271258273235512,0.00023275919674362202,-0.0006309797457520526,0.002331927349495822,0.0017009476037437696,200.0,-45.0,-50.0,1.0,25.0,78.30334375,9.607772795476752,2.4e-21
64.01126209742299,-9.762188987601079e-06,0.0002275972009095419,0.0002178350119219408,-0.0006248900379299091,0.0021867021952253532,0.0015618121572954441,200.0,-45.0,-50.0,1.0,25.0,78.30334375,9.607772795476752,2.4e-21
64.63506766294502,-9.574664735951803e-06,0.00021328946352663577,0.00020371479879068398,-0.0006188591030582584,0.002049236705233042,0.0014303776021747838,200.0,-45.0,-50.0,1.0,25.0,78.30334375,9.607772795476752,2.4e-21
65.2649523678377,-9.3907426830513e-06,0.00019975474086727818,0.00019036399818422688,-0.0006128863739079635,0.0019191981650721435,0.00130631179116418,200.0,-45.0,-50.0,1.0,25.0,78.30334375,9.607772795476752,2.4e-21
65.90097545481612,-9.210353633391767e-06,0.00018695940587568148,0.0001777490522422897,-0.0006069712887243273,0.001796263493630869,0.0011892922049065418,200.0,-45.0,-50.0,1.0,25.0,78.30334375,9.607772795476752,2.4e-21
66.54319674393051,-9.033429720658601e-06,0.0001748708292364968,0.0001658373995158382,-0.0006011132911742545,0.0016801191958608747,0.0010790059046866202,200.0,-45.0,-50.0,1.0,25.0,78.30334375,9.607772795476752,2.4e-21
67.19167663819216,-8.859904382197689e-06,0.00016345737327661428,0.00015459746889441656,-0.0005953118302939288,0.0015704613041871433,0.0009751494738932146,200.0,-45.0,-50.0,1.0,25.0,78.30334375,9.607772795476752,2.4e-21
67.84647612925467,-8.689712333973057e-06,0.00015268838472959066,0.00014399867239561762,-0.000589566360436993,0.0014669953089902488,0.0008774289485532558,200.0,-45.0,-50.0,1.0,25.0,78.30334375,9.607772795476752,2.4e-21
68.50765680315043,-8.522789546005563e-06,0.00014253418640515072,0.00013401139685914517,-0.0005838763412232273,0.0013694360785688193,0.0007855597373455919,200.0,-45.0,-50.0,1.0,25.0,78.30334375,9.607772795476752,2.4e-21
69.1752808460827,-8.359073218283481e-06,0.00013296606780778688,0.0001246069945895034,-0.0005782412374877282,0.0012775077690051718,0.0006992665315174436,200.0,-45.0,-50.0,1.0,25.0,78.30334375,9.607772795476752,2.4e-21
69.8494110502749,-8.198501757135676e-06,0.00012395627474989063,0.00011575777299275494,-0.0005726605192305709,0.001190943724370641,0.0006182832051400701,200.0,-45.0,-50.0,1.0,25.0,78.30334375,9.607772795476752,2.4e-21
70.5301108198761,-8.04101475205876e-06,0.00011547799800617826,0.0001074369832541195,-0.0005671336615669629,0.001109486367719878,0.000542352706152915,200.0,-45.0,-50.0,1.0,25.0,78.30334375,9.607772795476752,2.4e-21
71.21744417692447,-7.886552952989332e-06,0.00010750536105726678,9.961880810427744e-05,-0.0005616601446778766,0.0010328870833339135,0.00047122693865603684,200.0,-45.0,-50.0,1.0,25.0,78.30334375,9.607772795476752,2.4e-21
71.91147576736883,-7.735058248012792e-06,0.00010001340697126561,9.227834872325283e-05,-0.0005562394537611582,0.0009609060906814706,0.0004046666369203123,200.0,-45.0,-50.0,1.0,25.0,78.30334375,9.607772795476752,2.4e-21
72.61227086714852,-7.586473641500415e-06,9.297808447306925e-05,8.539161083156883e-05,-0.0005508710789831107,0.000893312310575894,0.00034244123159278333,200.0,-45.0,-50.0,1.0,25.0,78.30334375,9.607772795476752,2.4e-21
73.3198953883333,-7.4407432326662624e-06,8.637623325170234e-05,7.893549001903608e-05,-0.0005455545154305392,0.0008298832240114602,0.00028432870858092097,200.0,-45.0,-50.0,1.0,25.0,78.30334375,9.607772795476752,2.4e-21
74.03441588532216,-7.297812194536153e-06,8.018556855660527e-05,7.288775636206912e-05,-0.0005402892630632652,0.0007704047241679882,0.00023011546110472304,200.0,-45.0,-50.0,1.0,25.0,78.30334375,9.607772795476752,2.4e-21
74.75589956110328,-7.157626753320509e-06,7.438466513408905e-05,6.722703838076855e-05,-0.0005350748266670937,0.000714670962075949,0.00017959613540885524,200.0,-45.0,-50.0,1.0,25.0,78.30334375,9.607772795476752,2.4e-21
75.48441427357456,-7.020134168183488e-06,6.895294055541076e-05,6.193280638722727e-05,-0.0005299107158072381,0.0006624841864364012,0.0001325734706291631,200.0,-45.0,-50.0,1.0,25.0,78.30334375,9.607772795476752,2.4e-21
76.22002854192567,-6.885282711400779e-06,6.387063798797569e-05,5.6985355276574914e-05,-0.0005247964447821947,0.0006136545780906168,8.885813330842198e-05,200.0,-45.0,-50.0,1.0,25.0,78.30334375,9.607772795476752,2.4e-21
76.96281155308296,-6.753021648898399e-06,5.911880846106397e-05,5.2365786812165576e-05,-0.000519731532578057,0.0005680000796332113,4.826854705515428e-05,200.0,-45.0,-50.0,1.0,25.0,78.30334375,9.607772795476752,2.4e-21
77.71283316821636,-6.623301221165497e-06,5.467929267726254e-05,4.8055991456097044e-05,-0.000514715502823278,0.0005253462206605143,1.0630717837236254e-05,200.0,-45.0,-50.0,1.0,25.0,78.30334375,9.607772795476752,2.4e-21
78.4701639293102,-6.496072624533708e-06,5.0534702420369924e-05,4.403862979583621e-05,-0.0005097478837438645,0.00048552593914194335,-2.422194460192112e-05,200.0,-45.0,-50.0,1.0,25.0,78.30334375,9.607772795476752,2.4e-21
79.23487506579795,-6.371287992816132e-06,4.6668401610031954e-05,4.029711361721582e-05,-0.0005048282081190049,0.00044837939939724845,-5.6448808721756425e-05,200.0,-45.0,-50.0,1.0,25.0,78.30334375,9.607772795476752,2.4e-21
80.00703850126126,-6.2489003792990875e-06,4.306448705269914e-05,3.681558667340006e-05,-0.0004999560132371283,0.0004137538071560836,-8.620220608104464e-05,200.0,-45.0,-50.0,1.0,25.0,78.30334375,9.607772795476752,2.4e-21
80.78672686019509,-6.128863739079639e-06,3.970776893769405e-05,3.357890519861441e-05,-0.0004951308408523807,0.00038150322216865364,-0.00011362761868372701,200.0,-45.0,-50.0,1.0,25.0,78.30334375,9.607772795476752,2.4e-21
81.57401347483797,-6.0111329117425485e-06,3.658375112627422e-05,3.0572618214531675e-05,-0.0004903522371415286,0.00035148836882750945,-0.00013886386831401916,200.0,-45.0,-50.0,1.0,25.0,78.30334375,9.607772795476752,2.4e-21
82.36897239206924,-5.895663604369932e-06,3.367861128051793e-05,2.7782947676147994e-05,-0.0004856197526612744,0.00032357644525039656,-0.00016204330741087787,200.0,-45.0,-50.0,1.0,25.0,78.30334375,9.607772795476752,2.4e-21
83.17167838037341,-5.782412374877278e-06,3.097918087772063e-05,2.519676850284335e-05,-0.0004809329423059842,0.0002976409312631179,-0.00018329201104286632,200.0,-45.0,-50.0,1.0,25.0,78.30334375,9.607772795476752,2.4e-21
83.98220693687213,-5.671336615669627e-06,2.8472925154721872e-05,2.2801588539052245e-05,-0.0004762913652658266,0.00027356139570918245,-0.00020272996955664416,200.0,-45.0,-50.0,1.0,25.0,78.30334375,9.607772795476752,2.4e-21
84.80063429442541,-5.562394537611585e-06,2.6147923025223296e-05,2.0585528487611712e-05,-0.0004716945849853096,0.0002512233034999606,-0.00022047128148534902,200.0,-45.0,-50.0,1.0,25.0,78.30334375,9.607772795476752,2.4e-21
85.62703742880122,-5.455545154305396e-06,2.3992847011711013e-05,1.8537301857405617e-05,-0.0004671421691222232,0.0002305178228051528,-0.00023662434631707043,200.0,-45.0,-50.0,1.0,25.0,78.30334375,9.607772795476752,2.4e-21
86.4614940659154,-5.350748266670939e-06,2.1996943232048068e-05,1.6646194965377128e-05,-0.0004626336895069765,0.00021134163276851788,-0.0002512920567384586,200.0,-45.0,-50.0,1.0,25.0,78.30334375,9.607772795476752,2.4e-21
87.30408268914215,-5.2479644478219445e-06,2.0150011479194818e-05,1.4902047031372875e-05,-0.0004581687221023253,0.00019359673211835225,-0.00026457198998397307,200.0,-45.0,-50.0,1.0,25.0,78.30334375,9.607772795476752,2.4e-21
88.15488254669528,-5.147155028232777e-06,1.844238543082719e-05,1.3295230402594414e-05,-0.00045374684696349255,0.00017719024902599828,-0.00027655659793749424,200.0,-45.0,-50.0,1.0,25.0,78.30334375,9.607772795476752,2.4e-21
89.01397365908227,-5.048282081190051e-06,1.6864913023873594e-05,1.1816630942683541e-05,-0.0004493676481986682,0.0001620342525488543,-0.0002873333956498139,200.0,-45.0,-50.0,1.0,25.0,78.30334375,9.607772795476752,2.4e-21
89.88143682663014,-4.95130840852381e-06,1.540893702719945e-05,1.0457628618675639e-05,-0.0004450307139298954,0.0001480455659771413,-0.0002969851479527541,200.0,-45.0,-50.0,1.0,25.0,78.30334375,9.607772795476752,2.4e-21
90.75735363708507,-4.856197526612745e-06,1.4066275843815038e-05,9.210078317202294e-06,-0.00044073563625433084,0.00013514558238587792,-0.0003055900538684529,200.0,-45.0,-50.0,1.0,25.0,78.30334375,9.607772795476752,2.4e-21
91.64180647328608,-4.762913652658263e-06,1.2829204572108452e-05,8.066290919450189e-06,-0.0004364820112058807,0.00012326008267550954,-0.00031322192853037116,200.0,-45.0,-50.0,1.0,25.0,78.30334375,9.607772795476752,2.4e-21
92.534878520913,-4.671421691222231e-06,1.1690436353692625e-05,7.019014662470395e-06,-0.00043226943871720703,0.00011231905636626042,-0.0003199503823509466,200.0,-45.0,-50.0,1.0,25.0,78.30334375,9.607772795476752,2.4e-21
93.43665377631099,-4.581687221023255e-06,1.064310403352623e-05,6.0614168125029755e-06,-0.00042809752258209837,0.0001022565253927422,-0.0003258409971893562,200.0,-45.0,-50.0,1.0,25.0,78.30334375,9.607772795476752,2.4e-21
94.34721705439023,-4.493676481986684e-06,9.680742156029976e-06,5.1870656740432915e-06,-0.0004239658704182064,9.301037112672976e-05,-0.0003309554992914766,200.0,-45.0,-50.0,1.0,25.0,78.30334375,9.607772795476752,2.4e-21
95.26665399660315,-4.40735636254331e-06,8.797269318969945e-06,4.389912956426635e-06,-0.000419874093630141,8.452216483728172e-05,-0.00033535192879285925,200.0,-45.0,-50.0,1.0,25.0,78.30334375,9.607772795476752,2.4e-21
96.19505107899941,-4.322694387172067e-06,7.986970904940393e-06,3.6642765177683263e-06,-0.00041582180737292115,7.673700177875064e-05,-0.0003390848055941705,200.0,-45.0,-50.0,1.0,25.0,78.30334375,9.607772795476752,2.4e-21
97.13249562035882,-4.2396587041820625e-06,7.244482208347176e-06,3.004823504165113e-06,-0.0004118086305157803,6.960333907867333e-05,-0.00034220529143710697,200.0,-45.0,-50.0,1.0,25.0,78.30334375,9.607772795476752,2.4e-21
98.07907579040463,-4.158218073729213e-06,6.5647719738784105e-06,2.406553900149197e-06,-0.0004078341856063179,6.307283757913721e-05,-0.0003447613480271807,200.0,-45.0,-50.0,1.0,25.0,78.30334375,9.607772795476752,2.4e-21
99.03488061809566,-4.07834185606318e-06,5.943126360564868e-06,1.8647845045016888e-06,-0.0004038980988349997,5.710020776711591e-05,-0.0003467978910678838,200.0,-45.0,-50.0,1.0,25.0,78.30334375,9.607772795476752,2.4e-21
100.0,-4e-06,5.3751333436731345e-06,1.3751333436731353e-06,-0.00039999999999999996,5.164305991140273e-05,-0.0003483569400885972,200.0,-45.0,-50.0,1.0,25.0,78.30334375,9.607772795476752,2.4e-21
