curve,x,y
1:1 - circle/ellipse (delta = pi/4),0.7071067811865475,0.0
1:1 - circle/ellipse (delta = pi/4),0.7126454147793039,0.007863730349406434
1:1 - circle/ellipse (delta = pi/4),0.7181399789418661,0.015726974411932305
1:1 - circle/ellipse (delta = pi/4),0.7235901338947213,0.023589245930768655
1:1 - circle/ellipse (delta = pi/4),0.7289955426045872,0.031450058709247844
1:1 - circle/ellipse (delta = pi/4),0.734355870805254,0.039308926640909604
1:1 - circle/ellipse (delta = pi/4),0.7396707870182547,0.04716536373956145
1:1 - circle/ellipse (delta = pi/4),0.7449399625733641,0.055018884169331685
1:1 - circle/ellipse (delta = pi/4),0.7501630716289233,0.06286900227471312
1:1 - circle/ellipse (delta = pi/4),0.7553397911919888,0.07071523261059565
1:1 - circle/ellipse (delta = pi/4),0.7604698011383074,0.0785570899722857
1:1 - circle/ellipse (delta = pi/4),0.7655527842321113,0.08639408942551105
1:1 - circle/ellipse (delta = pi/4),0.7705884261457363,0.09422574633640868
1:1 - circle/ellipse (delta = pi/4),0.7755764154790594,0.1020515764014941
1:1 - circle/ellipse (delta = pi/4),0.7805164437787558,0.10987109567761048
1:1 - circle/ellipse (delta = pi/4),0.7854082055573728,0.11768382061185514
1:1 - circle/ellipse (delta = pi/4),0.7902513983122215,0.12548926807148214
1:1 - circle/ellipse (delta = pi/4),0.795045722544083,0.13328695537377883
1:1 - circle/ellipse (delta = pi/4),0.7997908817757294,0.14107640031591462
1:1 - circle/ellipse (delta = pi/4),0.8044865825702578,0.14885712120475988
1:1 - circle/ellipse (delta = pi/4),0.8091325345492356,0.1566286368866736
1:1 - circle/ellipse (delta = pi/4),0.8137284504106581,0.16439046677725752
1:1 - circle/ellipse (delta = pi/4),0.8182740459467145,0.17214213089107508
1:1 - circle/ellipse (delta = pi/4),0.8227690400613629,0.17988314987133325
1:1 - circle/ellipse (delta = pi/4),0.8272131547877138,0.1876130450195258
1:1 - circle/ellipse (delta = pi/4),0.831606115305219,0.19533133832503533
1:1 - circle/ellipse (delta = pi/4),0.8359476499566658,0.20303755249469338
1:1 - circle/ellipse (delta = pi/4),0.8402374902649767,0.21073121098229566
1:1 - circle/ellipse (delta = pi/4),0.8444753709498117,0.21841183801807135
1:1 - circle/ellipse (delta = pi/4),0.8486610299439726,0.22607895863810437
1:1 - circle/ellipse (delta = pi/4),0.8527942084096098,0.23373209871370465
1:1 - circle/ellipse (delta = pi/4),0.856874650754228,0.2413707849807281
1:1 - circle/ellipse (delta = pi/4),0.8609021046464915,0.24899454506884255
1:1 - circle/ellipse (delta = pi/4),0.8648763210318297,0.25660290753073917
1:1 - circle/ellipse (delta = pi/4),0.8687970541478365,0.264195401871286
1:1 - circle/ellipse (delta = pi/4),0.8726640615394694,0.27177155857662333
1:1 - circle/ellipse (delta = pi/4),0.8764771040740423,0.27933090914319786
1:1 - circle/ellipse (delta = pi/4),0.8802359459560133,0.2868729861067346
1:1 - circle/ellipse (delta = pi/4),0.8839403547415661,0.29439732307114463
1:1 - circle/ellipse (delta = pi/4),0.8875901013529838,0.30190345473736657
1:1 - circle/ellipse (delta = pi/4),0.8911849600928156,0.3093909169321402
1:1 - circle/ellipse (delta = pi/4),0.8947247086578334,0.3168592466367109
1:1 - circle/ellipse (delta = pi/4),0.8982091281527784,0.32430798201546196
1:1 - circle/ellipse (delta = pi/4),0.9016380031038985,0.33173666244447436
1:1 - circle/ellipse (delta = pi/4),0.9050111214722718,0.33914482854001143
1:1 - circle/ellipse (delta = pi/4),0.9083282746669198,0.34653202218692664
1:1 - circle/ellipse (delta = pi/4),0.9115892575577058,0.3538977865669931
1:1 - circle/ellipse (delta = pi/4),0.914793868488021,0.3612416661871529
1:1 - circle/ellipse (delta = pi/4),0.9179419092872535,0.36856320690768457
1:1 - circle/ellipse (delta = pi/4),0.9210331852830442,0.3758619559702862
1:1 - circle/ellipse (delta = pi/4),0.9240675053133245,0.3831374620260744
1:1 - circle/ellipse (delta = pi/4),0.9270446817381375,0.3903892751634948
1:1 - circle/ellipse (delta = pi/4),0.929964530451242,0.39761694693614447
1:1 - circle/ellipse (delta = pi/4),0.9328268708914975,0.40482003039050335
1:1 - circle/ellipse (delta = pi/4),0.9356315260540293,0.4119980800935737
1:1 - circle/ellipse (delta = pi/4),0.9383783225011749,0.4191506521604251
1:1 - circle/ellipse (delta = pi/4),0.9410670903732092,0.42627730428164406
1:1 - circle/ellipse (delta = pi/4),0.9436976633988484,0.43337759575068624
1:1 - circle/ellipse (delta = pi/4),0.9462698789055319,0.440451087491129
1:1 - circle/ellipse (delta = pi/4),0.9487835778294823,0.4474973420838239
1:1 - circle/ellipse (delta = pi/4),0.9512386047255414,0.45451592379394634
1:1 - circle/ellipse (delta = pi/4),0.9536348077767828,0.46150639859794057
1:1 - circle/ellipse (delta = pi/4),0.9559720388039002,0.4684683342103602
1:1 - circle/ellipse (delta = pi/4),0.9582501532743712,0.47540130011059967
1:1 - circle/ellipse (delta = pi/4),0.9604690103113942,0.4823048675695175
1:1 - circle/ellipse (delta = pi/4),0.9626284727026005,0.4891786096759489
1:1 - circle/ellipse (delta = pi/4),0.9647284069085398,0.4960221013631051
1:1 - circle/ellipse (delta = pi/4),0.9667686830709374,0.5028349194348594
1:1 - circle/ellipse (delta = pi/4),0.9687491750207252,0.5096166425919174
1:1 - circle/ellipse (delta = pi/4),0.9706697602858436,0.5163668514578698
1:1 - circle/ellipse (delta = pi/4),0.9725303200988151,0.5230851286051258
1:1 - circle/ellipse (delta = pi/4),0.9743307394040888,0.5297710585807273
1:1 - circle/ellipse (delta = pi/4),0.9760709068651552,0.5364242279320394
1:1 - circle/ellipse (delta = pi/4),0.9777507148714315,0.5430442252323188
1:1 - circle/ellipse (delta = pi/4),0.9793700595449161,0.5496306411061554
1:1 - circle/ellipse (delta = pi/4),0.9809288407466117,0.5561830682547879
1:1 - circle/ellipse (delta = pi/4),0.9824269620827188,0.5627011014812913
1:1 - circle/ellipse (delta = pi/4),0.9838643309105961,0.5691843377156331
1:1 - circle/ellipse (delta = pi/4),0.985240858344489,0.5756323760395999
1:1 - circle/ellipse (delta = pi/4),0.9865564592610272,0.5820448177115891
1:1 - circle/ellipse (delta = pi/4),0.987811052304488,0.5884212661912667
1:1 - circle/ellipse (delta = pi/4),0.9890045598918273,0.5947613271640897
1:1 - circle/ellipse (delta = pi/4),0.9901369082174778,0.6010646085656896
1:1 - circle/ellipse (delta = pi/4),0.9912080272579122,0.6073307206061176
1:1 - circle/ellipse (delta = pi/4),0.9922178507759742,0.6135592757939489
1:1 - circle/ellipse (delta = pi/4),0.9931663163249741,0.619749888960245
1:1 - circle/ellipse (delta = pi/4),0.9940533652525507,0.6259021772823715
1:1 - circle/ellipse (delta = pi/4),0.9948789427042983,0.6320157603076729
1:1 - circle/ellipse (delta = pi/4),0.9956429976271585,0.6380902599769983
1:1 - circle/ellipse (delta = pi/4),0.9963454827725776,0.6441253006480807
1:1 - circle/ellipse (delta = pi/4),0.9969863546994286,0.6501205091187664
1:1 - circle/ellipse (delta = pi/4),0.9975655737766972,0.6560755146500936
1:1 - circle/ellipse (delta = pi/4),0.9980831041859326,0.6619899489892186
1:1 - circle/ellipse (delta = pi/4),0.9985389139234625,0.6678634463921883
1:1 - circle/ellipse (delta = pi/4),0.9989329748023724,0.6736956436465572
1:1 - circle/ellipse (delta = pi/4),0.9992652624542486,0.6794861800938484
1:1 - circle/ellipse (delta = pi/4),0.9995357563306847,0.685234697651857
1:1 - circle/ellipse (delta = pi/4),0.9997444397045528,0.690940840836792
1:1 - circle/ellipse (delta = pi/4),0.999891299671038,0.6966042567852612
1:1 - circle/ellipse (delta = pi/4),0.9999763271484353,0.7022245952760905
1:1 - circle/ellipse (delta = pi/4),0.999999516878713,0.707801508751982
1:1 - circle/ellipse (delta = pi/4),0.9999608674278364,0.7133346523410063
1:1 - circle/ellipse (delta = pi/4),0.9998603811858571,0.7188236838779294
1:1 - circle/ellipse (delta = pi/4),0.9996980643667648,0.7242682639253716
1:1 - circle/ellipse (delta = pi/4),0.9994739270081036,0.7296680557947984
1:1 - circle/ellipse (delta = pi/4),0.999187982970351,0.7350227255673409
1:1 - circle/ellipse (delta = pi/4),0.9988402499360608,0.7403319421144453
1:1 - circle/ellipse (delta = pi/4),0.9984307494087693,0.7455953771183487
1:1 - circle/ellipse (delta = pi/4),0.9979595067116661,0.7508127050923834
1:1 - circle/ellipse (delta = pi/4),0.9974265509860277,0.7559836034011037
1:1 - circle/ellipse (delta = pi/4),0.9968319151894158,0.7611077522802381
1:1 - circle/ellipse (delta = pi/4),0.996175636093639,0.7661848348564623
1:1 - circle/ellipse (delta = pi/4),0.9954577542824786,0.7712145371669958
1:1 - circle/ellipse (delta = pi/4),0.9946783141491795,0.776196548179016
1:1 - circle/ellipse (delta = pi/4),0.9938373638937046,0.7811305598088923
1:1 - circle/ellipse (delta = pi/4),0.9929349555197541,0.7860162669412385
1:1 - circle/ellipse (delta = pi/4),0.99197114483155,0.7908533674477802
1:1 - circle/ellipse (delta = pi/4),0.990945991430385,0.7956415622060383
1:1 - circle/ellipse (delta = pi/4),0.9898595587109362,0.8003805551178268
1:1 - circle/ellipse (delta = pi/4),0.9887119138573461,0.805070053127563
1:1 - circle/ellipse (delta = pi/4),0.9875031278390669,0.8097097662403896
1:1 - circle/ellipse (delta = pi/4),0.9862332754064724,0.8142994075401085
1:1 - circle/ellipse (delta = pi/4),0.984902435086235,0.8188386932069228
1:1 - circle/ellipse (delta = pi/4),0.9835106891764701,0.8233273425349883
1:1 - circle/ellipse (delta = pi/4),0.9820581237416469,0.8277650779497717
1:1 - circle/ellipse (delta = pi/4),0.9805448286072657,0.8321516250252164
1:1 - circle/ellipse (delta = pi/4),0.9789708973543035,0.836486712500712
1:1 - circle/ellipse (delta = pi/4),0.9773364273134276,0.8407700722978696
1:1 - circle/ellipse (delta = pi/4),0.9756415195589756,0.8450014395370983
1:1 - circle/ellipse (delta = pi/4),0.9738862789027057,0.8491805525539866
1:1 - circle/ellipse (delta = pi/4),0.9720708138873154,0.8533071529154829
1:1 - circle/ellipse (delta = pi/4),0.9701952367797289,0.8573809854358765
1:1 - circle/ellipse (delta = pi/4),0.9682596635641545,0.8614017981925784
1:1 - circle/ellipse (delta = pi/4),0.9662642139349131,0.8653693425417001
1:1 - circle/ellipse (delta = pi/4),0.9642090112890352,0.8692833731334294
1:1 - circle/ellipse (delta = pi/4),0.962094182718631,0.8731436479272023
1:1 - circle/ellipse (delta = pi/4),0.9599198590030308,0.8769499282066715
1:1 - circle/ellipse (delta = pi/4),0.9576861746006976,0.8807019785944674
1:1 - circle/ellipse (delta = pi/4),0.9553932676409127,0.8843995670667543
1:1 - circle/ellipse (delta = pi/4),0.9530412799152331,0.8880424649675783
1:1 - circle/ellipse (delta = pi/4),0.9506303568687245,0.8916304470230075
1:1 - circle/ellipse (delta = pi/4),0.9481606475909659,0.8951632913550623
1:1 - circle/ellipse (delta = pi/4),0.9456323048068302,0.8986407794954365
1:1 - circle/ellipse (delta = pi/4),0.9430454848670408,0.9020626963990072
1:1 - circle/ellipse (delta = pi/4),0.9404003477385016,0.9054288304571327
1:1 - circle/ellipse (delta = pi/4),0.9376970569944055,0.908738973510739
1:1 - circle/ellipse (delta = pi/4),0.9349357798041199,0.9119929208631907
1:1 - circle/ellipse (delta = pi/4),0.9321166869228471,0.9151904712929513
1:1 - circle/ellipse (delta = pi/4),0.929239952681067,0.9183314270660248
1:1 - circle/ellipse (delta = pi/4),0.9263057549737553,0.9214155939481842
1:1 - circle/ellipse (delta = pi/4),0.9233142752493834,0.9244427812169831
1:1 - circle/ellipse (delta = pi/4),0.9202656984986971,0.9274128016735489
1:1 - circle/ellipse (delta = pi/4),0.9171602132432776,0.9303254716541599
1:1 - circle/ellipse (delta = pi/4),0.9139980115238828,0.9331806110416025
1:1 - circle/ellipse (delta = pi/4),0.9107792888885723,0.9359780432763097
1:1 - circle/ellipse (delta = pi/4),0.9075042443806143,0.9387175953672792
1:1 - circle/ellipse (delta = pi/4),0.9041730805261768,0.941399097902771
1:1 - circle/ellipse (delta = pi/4),0.9007860033218055,0.9440223850607838
1:1 - circle/ellipse (delta = pi/4),0.8973432222216814,0.9465872946193098
1:1 - circle/ellipse (delta = pi/4),0.8938449501246718,0.9490936679663653
1:1 - circle/ellipse (delta = pi/4),0.8902914033611634,0.9515413501097999
1:1 - circle/ellipse (delta = pi/4),0.8866828016796838,0.9539301896868813
1:1 - circle/ellipse (delta = pi/4),0.8830193682333148,0.9562600389736544
1:1 - circle/ellipse (delta = pi/4),0.8793013295658896,0.9585307538940778
1:1 - circle/ellipse (delta = pi/4),0.8755289155979863,0.9607421940289322
1:1 - circle/ellipse (delta = pi/4),0.8717023596127085,0.9628942226245044
1:1 - circle/ellipse (delta = pi/4),0.8678218982412587,0.9649867066010441
1:1 - circle/ellipse (delta = pi/4),0.8638877714483073,0.9670195165609929
1:1 - circle/ellipse (delta = pi/4),0.8599002225171507,0.9689925267969868
1:1 - circle/ellipse (delta = pi/4),0.855859498034669,0.9709056152996294
1:1 - circle/ellipse (delta = pi/4),0.8517658478760761,0.9727586637650372
1:1 - circle/ellipse (delta = pi/4),0.8476195251894681,0.9745515576021548
1:1 - circle/ellipse (delta = pi/4),0.8434207863801689,0.9762841859398422
1:1 - circle/ellipse (delta = pi/4),0.8391698910948733,0.9779564416337299
1:1 - circle/ellipse (delta = pi/4),0.834867102205592,0.9795682212728449
1:1 - circle/ellipse (delta = pi/4),0.8305126857933953,0.9811194251860063
1:1 - circle/ellipse (delta = pi/4),0.8261069111319586,0.9826099574479877
1:1 - circle/ellipse (delta = pi/4),0.8216500506709111,0.9840397258854502
1:1 - circle/ellipse (delta = pi/4),0.8171423800189868,0.9854086420826416
1:1 - circle/ellipse (delta = pi/4),0.8125841779269832,0.9867166213868642
1:1 - circle/ellipse (delta = pi/4),0.8079757262705208,0.9879635829137099
1:1 - circle/ellipse (delta = pi/4),0.8033173100326143,0.9891494495520617
1:1 - circle/ellipse (delta = pi/4),0.7986092172860487,0.9902741479688623
1:1 - circle/ellipse (delta = pi/4),0.7938517391755643,0.9913376086136488
1:1 - circle/ellipse (delta = pi/4),0.7890451698998547,0.9923397657228542
1:1 - circle/ellipse (delta = pi/4),0.7841898066933712,0.9932805573238733
1:1 - circle/ellipse (delta = pi/4),0.7792859498079437,0.9941599252388961
1:1 - circle/ellipse (delta = pi/4),0.7743339024942136,0.994977815088504
1:1 - circle/ellipse (delta = pi/4),0.7693339709828788,0.9957341762950345
1:1 - circle/ellipse (delta = pi/4),0.7642864644657602,0.9964289620857071
1:1 - circle/ellipse (delta = pi/4),0.7591916950766777,0.9970621294955166
1:1 - circle/ellipse (delta = pi/4),0.754049977872151,0.9976336393698901
1:1 - circle/ellipse (delta = pi/4),0.7488616308119154,0.9981434563671079
1:1 - circle/ellipse (delta = pi/4),0.7436269747392595,0.9985915489604889
1:1 - circle/ellipse (delta = pi/4),0.7383463333611854,0.9989778894403407
1:1 - circle/ellipse (delta = pi/4),0.7330200332283888,0.9993024539156731
1:1 - circle/ellipse (delta = pi/4),0.7276484037150681,0.9995652223156747
1:1 - circle/ellipse (delta = pi/4),0.7222317769985543,0.9997661783909552
1:1 - circle/ellipse (delta = pi/4),0.71677048803877,0.9999053097145492
1:1 - circle/ellipse (delta = pi/4),0.711264874557516,0.9999826076826857
1:1 - circle/ellipse (delta = pi/4),0.7057152770175852,0.9999980675153191
1:1 - circle/ellipse (delta = pi/4),0.7001220386017123,0.9999516882564257
1:1 - circle/ellipse (delta = pi/4),0.6944855051913471,0.9998434727740622
1:1 - circle/ellipse (delta = pi/4),0.688806025345269,0.9996734277601886
1:1 - circle/ellipse (delta = pi/4),0.683083950278031,0.9994415637302546
1:1 - circle/ellipse (delta = pi/4),0.6773196338382398,0.9991478950225487
1:1 - circle/ellipse (delta = pi/4),0.6715134324866775,0.9987924397973121
1:1 - circle/ellipse (delta = pi/4),0.6656657052742536,0.9983752200356156
1:1 - circle/ellipse (delta = pi/4),0.6597768138198058,0.997896261538
1:1 - circle/ellipse (delta = pi/4),0.6538471222877357,0.997355593922881
1:1 - circle/ellipse (delta = pi/4),0.6478769973654883,0.9967532506247171
1:1 - circle/ellipse (delta = pi/4),0.6418668082408798,0.9960892688919428
1:1 - circle/ellipse (delta = pi/4),0.635816926579263,0.9953636897846647
1:1 - circle/ellipse (delta = pi/4),0.6297277265005469,0.9945765581721222
1:1 - circle/ellipse (delta = pi/4),0.6235995845560605,0.9937279227299133
1:1 - circle/ellipse (delta = pi/4),0.6174328797052657,0.992817835936984
1:1 - circle/ellipse (delta = pi/4),0.6112279932923265,0.9918463540723838
1:1 - circle/ellipse (delta = pi/4),0.6049853090225222,0.9908135372117844
1:1 - circle/ellipse (delta = pi/4),0.5987052129385232,0.989719449223766
1:1 - circle/ellipse (delta = pi/4),0.5923880933965163,0.9885641577658663
1:1 - circle/ellipse (delta = pi/4),0.5860343410421901,0.9873477342803976
1:1 - circle/ellipse (delta = pi/4),0.5796443487865777,0.9860702539900286
1:1 - circle/ellipse (delta = pi/4),0.5732185117817578,0.9847317958931325
1:1 - circle/ellipse (delta = pi/4),0.5667572273964214,0.9833324427589021
1:1 - circle/ellipse (delta = pi/4),0.5602608951912972,0.981872281122231
1:1 - circle/ellipse (delta = pi/4),0.5537299168944433,0.980351401278363
1:1 - circle/ellipse (delta = pi/4),0.5471646963764052,0.9787698972773076
1:1 - circle/ellipse (delta = pi/4),0.5405656396252388,0.9771278669180243
1:1 - circle/ellipse (delta = pi/4),0.5339331547214089,0.9754254117423754
1:1 - circle/ellipse (delta = pi/4),0.5272676518125476,0.9736626370288455
1:1 - circle/ellipse (delta = pi/4),0.5205695430880966,0.9718396517860322
1:1 - circle/ellipse (delta = pi/4),0.513839242753815,0.9699565687459045
1:1 - circle/ellipse (delta = pi/4),0.5070771670061645,0.9680135043568322
1:1 - circle/ellipse (delta = pi/4),0.5002837340065756,0.9660105787763837
1:1 - circle/ellipse (delta = pi/4),0.49345936385558403,0.963947915863897
1:1 - circle/ellipse (delta = pi/4),0.4866044785668563,0.961825643172819
1:1 - circle/ellipse (delta = pi/4),0.4797195020410906,0.9596438919428187
1:1 - circle/ellipse (delta = pi/4),0.4728048600398021,0.9574027970916706
1:1 - circle/ellipse (delta = pi/4),0.4658609801589983,0.9551024972069124
1:1 - circle/ellipse (delta = pi/4),0.4588882918027313,0.952743134537274
1:1 - circle/ellipse (delta = pi/4),0.45188722615654825,0.9503248549838812
1:1 - circle/ellipse (delta = pi/4),0.44485821616082505,0.9478478080912339
1:1 - circle/ellipse (delta = pi/4),0.4378016964839942,0.9453121470379576
1:1 - circle/ellipse (delta = pi/4),0.43071810349566547,0.9427180286273312
1:1 - circle/ellipse (delta = pi/4),0.4236078752396398,0.9400656132775906
1:1 - circle/ellipse (delta = pi/4),0.41647145140682307,0.9373550650120083
1:1 - circle/ellipse (delta = pi/4),0.4093092733080348,0.9345865514487505
1:1 - circle/ellipse (delta = pi/4),0.40212178384671776,0.9317602437905116
1:1 - circle/ellipse (delta = pi/4),0.39490942749155006,0.9288763168139275
1:1 - circle/ellipse (delta = pi/4),0.3876726502489571,0.9259349488587669
1:1 - circle/ellipse (delta = pi/4),0.3804118996355355,0.9229363218169038
1:1 - circle/ellipse (delta = pi/4),0.37312762465037363,0.9198806211210683
1:1 - circle/ellipse (delta = pi/4),0.36582027574728976,0.9167680357333808
1:1 - circle/ellipse (delta = pi/4),0.35849030480697525,0.9135987581336658
1:1 - circle/ellipse (delta = pi/4),0.3511381651090487,0.9103729843075496
1:1 - circle/ellipse (delta = pi/4),0.34376431130403007,0.9070909137343408
1:1 - circle/ellipse (delta = pi/4),0.3363691993852196,0.9037527493746939
1:1 - circle/ellipse (delta = pi/4),0.32895328666050433,0.9003586976580593
1:1 - circle/ellipse (delta = pi/4),0.32151703172407614,0.8969089684699173
1:1 - circle/ellipse (delta = pi/4),0.31406089442807383,0.8934037751387995
1:1 - circle/ellipse (delta = pi/4),0.30658533585414427,0.8898433344230956
1:1 - circle/ellipse (delta = pi/4),0.299090818284932,0.8862278664976504
1:1 - circle/ellipse (delta = pi/4),0.29157780517549065,0.8825575949401481
1:1 - circle/ellipse (delta = pi/4),0.28404676112462335,0.878832746717286
1:1 - circle/ellipse (delta = pi/4),0.2764981518461524,0.8750535521707393
1:1 - circle/ellipse (delta = pi/4),0.2689324441401204,0.8712202450029175
1:1 - circle/ellipse (delta = pi/4),0.26135010586392193,0.867333062262511
1:1 - circle/ellipse (delta = pi/4),0.2537516059033742,0.8633922443298337
1:1 - circle/ellipse (delta = pi/4),0.24613741414371973,0.8593980349019575
1:1 - circle/ellipse (delta = pi/4),0.23850800144056963,0.8553506809776422
1:1 - circle/ellipse (delta = pi/4),0.2308638395907865,0.8512504328420613
1:1 - circle/ellipse (delta = pi/4),0.22320540130330724,0.8470975440513241
1:1 - circle/ellipse (delta = pi/4),0.2155331601699137,0.8428922714167971
1:1 - circle/ellipse (delta = pi/4),0.2078475906359444,0.8386348749892223
1:1 - circle/ellipse (delta = pi/4),0.20014916797095567,0.8343256180426357
1:1 - circle/ellipse (delta = pi/4),0.19243836823933125,0.8299647670580872
1:1 - circle/ellipse (delta = pi/4),0.18471566827084343,0.8255525917071611
1:1 - circle/ellipse (delta = pi/4),0.1769815456311644,0.8210893648352997
1:1 - circle/ellipse (delta = pi/4),0.1692364785923366,0.8165753624449317
1:1 - circle/ellipse (delta = pi/4),0.16148094610319513,0.8120108636784034
1:1 - circle/ellipse (delta = pi/4),0.15371542775975025,0.8073961508007171
1:1 - circle/ellipse (delta = pi/4),0.14594040377553,0.8027315091820769
1:1 - circle/ellipse (delta = pi/4),0.13815635495188236,0.7980172272802396
1:1 - circle/ellipse (delta = pi/4),0.13036376264824573,0.7932535966226787
1:1 - circle/ellipse (delta = pi/4),0.12256310875237997,0.7884409117885558
1:1 - circle/ellipse (delta = pi/4),0.11475487565056758,0.783579470390504
1:1 - circle/ellipse (delta = pi/4),0.10693954619778352,0.7786695730562241
1:1 - circle/ellipse (delta = pi/4),0.09911760368783423,0.7737115234098929
1:1 - circle/ellipse (delta = pi/4),0.09128953182347369,0.7687056280533892
1:1 - circle/ellipse (delta = pi/4),0.08345581468648985,0.7636521965473321
1:1 - circle/ellipse (delta = pi/4),0.07561693670776994,0.7585515413919389
1:1 - circle/ellipse (delta = pi/4),0.06777338263734349,0.7534039780077005
1:1 - circle/ellipse (delta = pi/4),0.05992563751440634,0.7482098247158754
1:1 - circle/ellipse (delta = pi/4),0.05207418663732438,0.7429694027188044
1:1 - circle/ellipse (delta = pi/4),0.044219515533625735,0.7376830360800498
1:1 - circle/ellipse (delta = pi/4),0.036362109929974344,0.7323510517043537
1:1 - circle/ellipse (delta = pi/4),0.0285024557221335,0.726973779317423
1:1 - circle/ellipse (delta = pi/4),0.020641038944918814,0.72155155144554
1:1 - circle/ellipse (delta = pi/4),0.012778345742140486,0.7160847033949976
1:1 - circle/ellipse (delta = pi/4),0.004914862336543197,0.7105735732313667
1:1 - circle/ellipse (delta = pi/4),-0.0029489250002633074,0.7050185017585882
1:1 - circle/ellipse (delta = pi/4),-0.010812529977874408,0.6994198324978992
1:1 - circle/ellipse (delta = pi/4),-0.018675466317162437,0.6937779116665896
1:1 - circle/ellipse (delta = pi/4),-0.026537247780347346,0.6880930881565929
1:1 - circle/ellipse (delta = pi/4),-0.03439738820106705,0.6823657135129089
1:1 - circle/ellipse (delta = pi/4),-0.042255401514438906,0.6765961419118671
1:1 - circle/ellipse (delta = pi/4),-0.05011080178711934,0.6707847301392235
1:1 - circle/ellipse (delta = pi/4),-0.057963103247353175,0.6649318375680969
1:1 - circle/ellipse (delta = pi/4),-0.06581182031501288,0.6590378261367467
1:1 - circle/ellipse (delta = pi/4),-0.0736564676316283,0.6531030603261887
1:1 - circle/ellipse (delta = pi/4),-0.0814965600903981,0.6471279071376588
1:1 - circle/ellipse (delta = pi/4),-0.08933161286619024,0.6411127360699158
1:1 - circle/ellipse (delta = pi/4),-0.09716114144552268,0.635057919096393
1:1 - circle/ellipse (delta = pi/4),-0.10498466165652534,0.6289638306421946
1:1 - circle/ellipse (delta = pi/4),-0.11280168969888044,0.6228308475609433
1:1 - circle/ellipse (delta = pi/4),-0.12061174217374214,0.6166593491114731
1:1 - circle/ellipse (delta = pi/4),-0.12841433611362685,0.6104497169343797
1:1 - circle/ellipse (delta = pi/4),-0.1362089890122813,0.6042023350284172
1:1 - circle/ellipse (delta = pi/4),-0.14399521885452002,0.597917589726754
1:1 - circle/ellipse (delta = pi/4),-0.15177254414603222,0.5915958696730815
1:1 - circle/ellipse (delta = pi/4),-0.15954048394315884,0.5852375657975792
1:1 - circle/ellipse (delta = pi/4),-0.16729855788263104,0.5788430712927429
1:1 - circle/ellipse (delta = pi/4),-0.1750462862112773,0.5724127815890675
1:1 - circle/ellipse (delta = pi/4),-0.18278318981569047,0.5659470943305951
1:1 - circle/ellipse (delta = pi/4),-0.19050879025185585,0.5594464093503244
1:1 - circle/ellipse (delta = pi/4),-0.19822260977473732,0.5529111286454862
1:1 - circle/ellipse (delta = pi/4),-0.20592417136782243,0.5463416563526824
1:1 - circle/ellipse (delta = pi/4),-0.21361299877261808,0.5397383987228969
1:1 - circle/ellipse (delta = pi/4),-0.22128861651810386,0.5331017640963716
1:1 - circle/ellipse (delta = pi/4),-0.22895054995013417,0.5264321628773557
1:1 - circle/ellipse (delta = pi/4),-0.23659832526079022,0.519730007508727
1:1 - circle/ellipse (delta = pi/4),-0.24423146951768154,0.5129957124464849
1:1 - circle/ellipse (delta = pi/4),-0.2518495106931891,0.5062296941341232
1:1 - circle/ellipse (delta = pi/4),-0.2594519776936571,0.4994323709768762
1:1 - circle/ellipse (delta = pi/4),-0.2670384003885243,0.4926041633158451
1:1 - circle/ellipse (delta = pi/4),-0.27460830963939625,0.48574549340200474
1:1 - circle/ellipse (delta = pi/4),-0.28216123732905823,0.4788567853700905
1:1 - circle/ellipse (delta = pi/4),-0.28969671639042044,0.4719384652123726
1:1 - circle/ellipse (delta = pi/4),-0.2972142808354031,0.4649909607523111
1:1 - circle/ellipse (delta = pi/4),-0.3047134657837519,0.45801470161810054
1:1 - circle/ellipse (delta = pi/4),-0.31219380749178643,0.45101011921610173
1:1 - circle/ellipse (delta = pi/4),-0.3196548433810767,0.44397764670416434
1:1 - circle/ellipse (delta = pi/4),-0.32709611206705075,0.43691771896483933
1:1 - circle/ellipse (delta = pi/4),-0.3345171533875236,0.4298307725784884
1:1 - circle/ellipse (delta = pi/4),-0.3419175084311548,0.4227172457962847
1:1 - circle/ellipse (delta = pi/4),-0.34929671956582725,0.41557757851311217
1:1 - circle/ellipse (delta = pi/4),-0.3566543304669459,0.40841221224036295
1:1 - circle/ellipse (delta = pi/4),-0.3639898861456584,0.4012215900786333
1:1 - circle/ellipse (delta = pi/4),-0.3713029329769887,0.39400615669032485
1:1 - circle/ellipse (delta = pi/4),-0.3785930187278905,0.38676635827214567
1:1 - circle/ellipse (delta = pi/4),-0.3858596925852126,0.379502642527518
1:1 - circle/ellipse (delta = pi/4),-0.39310250518357687,0.37221545863889244
1:1 - circle/ellipse (delta = pi/4),-0.4003210086331662,0.36490525723997186
1:1 - circle/ellipse (delta = pi/4),-0.4075147565474233,0.35757249038784245
1:1 - circle/ellipse (delta = pi/4),-0.41468330407065235,0.3502176115350213
1:1 - circle/ellipse (delta = pi/4),-0.42182620790553027,0.34284107550141396
1:1 - circle/ellipse (delta = pi/4),-0.42894302634051945,0.33544333844618884
1:1 - circle/ellipse (delta = pi/4),-0.4360333192771825,0.32802485783956936
1:1 - circle/ellipse (delta = pi/4),-0.44309664825739886,0.32058609243454234
1:1 - circle/ellipse (delta = pi/4),-0.45013257649047694,0.3131275022384919
1:1 - circle/ellipse (delta = pi/4),-0.45714066888016586,0.3056495484847512
1:1 - circle/ellipse (delta = pi/4),-0.4641204920515614,0.2981526936040805
1:1 - circle/ellipse (delta = pi/4),-0.4710716143779055,0.29063740119607073
1:1 - circle/ellipse (delta = pi/4),-0.4779936060072774,0.2831041360004756
1:1 - circle/ellipse (delta = pi/4),-0.4848860388891768,0.2755533638684704
1:1 - circle/ellipse (delta = pi/4),-0.49174848680099165,0.26798555173384686
1:1 - circle/ellipse (delta = pi/4),-0.4985805253743575,0.2604011675841366
1:1 - circle/ellipse (delta = pi/4),-0.5053817321213991,0.25280068043167164
1:1 - circle/ellipse (delta = pi/4),-0.512151686460857,0.24518456028458127
1:1 - circle/ellipse (delta = pi/4),-0.5188899697440966,0.2375532781177257
1:1 - circle/ellipse (delta = pi/4),-0.5255961652809958,0.22990730584357372
1:1 - circle/ellipse (delta = pi/4),-0.5322698583657136,0.22224711628301827
1:1 - circle/ellipse (delta = pi/4),-0.5389106363023349,0.21457318313613816
1:1 - circle/ellipse (delta = pi/4),-0.5455180884303915,0.20688598095290467
1:1 - circle/ellipse (delta = pi/4),-0.5520918061502564,0.19918598510383628
1:1 - circle/ellipse (delta = pi/4),-0.5586313829484133,0.1914736717506004
1:1 - circle/ellipse (delta = pi/4),-0.5651364144225919,0.18374951781657037
1:1 - circle/ellipse (delta = pi/4),-0.5716064983067781,0.17601400095733138
1:1 - circle/ellipse (delta = pi/4),-0.5780412344960892,0.16826759953114295
1:1 - circle/ellipse (delta = pi/4),-0.584440225071516,0.16051079256935802
1:1 - circle/ellipse (delta = pi/4),-0.5908030743245304,0.1527440597467983
1:1 - circle/ellipse (delta = pi/4),-0.5971293887815543,0.14496788135209432
1:1 - circle/ellipse (delta = pi/4),-0.6034187772282931,0.1371827382579828
1:1 - circle/ellipse (delta = pi/4),-0.6096708507339271,0.12938911189157043
1:1 - circle/ellipse (delta = pi/4),-0.6158852226751638,0.1215874842045628
1:1 - circle/ellipse (delta = pi/4),-0.6220615087601448,0.11377833764346126
1:1 - circle/ellipse (delta = pi/4),-0.628199327052212,0.10596215511972708
1:1 - circle/ellipse (delta = pi/4),-0.6342982979935248,0.09813941997992123
1:1 - circle/ellipse (delta = pi/4),-0.6403580444285317,0.09031061597581287
1:1 - circle/ellipse (delta = pi/4),-0.6463781916272944,0.08247622723446492
1:1 - circle/ellipse (delta = pi/4),-0.6523583673086595,0.07463673822829649
1:1 - circle/ellipse (delta = pi/4),-0.6582982016632815,0.0667926337451217
1:1 - circle/ellipse (delta = pi/4),-0.6641973273764901,0.05894439885817349
1:1 - circle/ellipse (delta = pi/4),-0.6700553796510054,0.05109251889610524
1:1 - circle/ellipse (delta = pi/4),-0.6758719962294966,0.04323747941297892
1:1 - circle/ellipse (delta = pi/4),-0.6816468174169831,0.0353797661582392
1:1 - circle/ellipse (delta = pi/4),-0.6873794861030798,0.027519865046673385
1:1 - circle/ellipse (delta = pi/4),-0.6930696477840774,0.01965826212836542
1:1 - circle/ellipse (delta = pi/4),-0.6987169505848672,0.01179544355863722
1:1 - circle/ellipse (delta = pi/4),-0.7043210452806993,0.003931895567985599
1:1 - circle/ellipse (delta = pi/4),-0.7098815853187793,-0.0039318955679857985
1:1 - circle/ellipse (delta = pi/4),-0.7153982268396981,-0.011795443558636974
1:1 - circle/ellipse (delta = pi/4),-0.720870628698697,-0.01965826212836518
1:1 - circle/ellipse (delta = pi/4),-0.7262984524867623,-0.02751986504667314
1:1 - circle/ellipse (delta = pi/4),-0.7316813625515535,-0.03537976615823896
1:1 - circle/ellipse (delta = pi/4),-0.7370190260181589,-0.04323747941297912
1:1 - circle/ellipse (delta = pi/4),-0.7423111128096809,-0.051092518896105
1:1 - circle/ellipse (delta = pi/4),-0.7475572956676481,-0.05894439885817325
1:1 - circle/ellipse (delta = pi/4),-0.7527572501722513,-0.06679263374512145
1:1 - circle/ellipse (delta = pi/4),-0.7579106547624066,-0.07463673822829624
1:1 - circle/ellipse (delta = pi/4),-0.7630171907556398,-0.08247622723446513
1:1 - circle/ellipse (delta = pi/4),-0.7680765423677948,-0.09031061597581308
1:1 - circle/ellipse (delta = pi/4),-0.7730883967325582,-0.098139419979921
1:1 - circle/ellipse (delta = pi/4),-0.7780524439208119,-0.10596215511972684
1:1 - circle/ellipse (delta = pi/4),-0.7829683769597927,-0.11377833764346101
1:1 - circle/ellipse (delta = pi/4),-0.7878358918520808,-0.121587484204563
1:1 - circle/ellipse (delta = pi/4),-0.7926546875943961,-0.12938911189157062
1:1 - circle/ellipse (delta = pi/4),-0.7974244661962105,-0.13718273825798255
1:1 - circle/ellipse (delta = pi/4),-0.8021449326981799,-0.14496788135209407
1:1 - circle/ellipse (delta = pi/4),-0.8068157951903787,-0.15274405974679806
1:1 - circle/ellipse (delta = pi/4),-0.8114367648303563,-0.16051079256935777
1:1 - circle/ellipse (delta = pi/4),-0.8160075558609965,-0.16826759953114315
1:1 - circle/ellipse (delta = pi/4),-0.8205278856281875,-0.1760140009573316
1:1 - circle/ellipse (delta = pi/4),-0.8249974745983024,-0.18374951781657012
1:1 - circle/ellipse (delta = pi/4),-0.8294160463754864,-0.19147367175060015
1:1 - circle/ellipse (delta = pi/4),-0.8337833277187466,-0.19918598510383606
1:1 - circle/ellipse (delta = pi/4),-0.8380990485588512,-0.20688598095290486
1:1 - circle/ellipse (delta = pi/4),-0.8423629420150278,-0.21457318313613835
1:1 - circle/ellipse (delta = pi/4),-0.8465747444114685,-0.22224711628301805
1:1 - circle/ellipse (delta = pi/4),-0.8507341952936368,-0.22990730584357347
1:1 - circle/ellipse (delta = pi/4),-0.8548410374443718,-0.23755327811772547
1:1 - circle/ellipse (delta = pi/4),-0.8588950168997954,-0.24518456028458102
1:1 - circle/ellipse (delta = pi/4),-0.8628958829650162,-0.2528006804316718
1:1 - circle/ellipse (delta = pi/4),-0.8668433882296327,-0.2604011675841368
1:1 - circle/ellipse (delta = pi/4),-0.8707372885830345,-0.26798555173384664
1:1 - circle/ellipse (delta = pi/4),-0.8745773432294957,-0.2755533638684702
1:1 - circle/ellipse (delta = pi/4),-0.8783633147030672,-0.2831041360004754
1:1 - circle/ellipse (delta = pi/4),-0.8820949688822595,-0.29063740119607095
1:1 - circle/ellipse (delta = pi/4),-0.885772075004522,-0.29815269360408064
1:1 - circle/ellipse (delta = pi/4),-0.8893944056805138,-0.30564954848475095
1:1 - circle/ellipse (delta = pi/4),-0.8929617369081636,-0.3131275022384917
1:1 - circle/ellipse (delta = pi/4),-0.8964738480865232,-0.32058609243454206
1:1 - circle/ellipse (delta = pi/4),-0.899930522029408,-0.3280248578395691
1:1 - circle/ellipse (delta = pi/4),-0.9033315449788281,-0.335443338446189
1:1 - circle/ellipse (delta = pi/4),-0.9066767066182081,-0.3428410755014137
1:1 - circle/ellipse (delta = pi/4),-0.9099658000853913,-0.35021761153502107
1:1 - circle/ellipse (delta = pi/4),-0.9131986219854332,-0.35757249038784217
1:1 - circle/ellipse (delta = pi/4),-0.9163749724031776,-0.36490525723997164
1:1 - circle/ellipse (delta = pi/4),-0.9194946549156204,-0.3722154586388926
1:1 - circle/ellipse (delta = pi/4),-0.922557476604057,-0.37950264252751814
1:1 - circle/ellipse (delta = pi/4),-0.9255632480660102,-0.38676635827214545
1:1 - circle/ellipse (delta = pi/4),-0.9285117834269448,-0.3940061566903246
1:1 - circle/ellipse (delta = pi/4),-0.9314029003517601,-0.40122159007863306
1:1 - circle/ellipse (delta = pi/4),-0.9342364200560661,-0.4084122122403627
1:1 - circle/ellipse (delta = pi/4),-0.9370121673172401,-0.41557757851311233
1:1 - circle/ellipse (delta = pi/4),-0.9397299704852616,-0.4227172457962845
1:1 - circle/ellipse (delta = pi/4),-0.9423896614933273,-0.4298307725784882
1:1 - circle/ellipse (delta = pi/4),-0.944991075868243,-0.4369177189648391
1:1 - circle/ellipse (delta = pi/4),-0.9475340527405963,-0.4439776467041641
1:1 - circle/ellipse (delta = pi/4),-0.9500184348547038,-0.4510101192161019
1:1 - circle/ellipse (delta = pi/4),-0.9524440685783362,-0.45801470161810076
1:1 - circle/ellipse (delta = pi/4),-0.954810803912217,-0.4649909607523109
1:1 - circle/ellipse (delta = pi/4),-0.957118494499301,-0.47193846521237237
1:1 - circle/ellipse (delta = pi/4),-0.9593669976338225,-0.4788567853700903
1:1 - circle/ellipse (delta = pi/4),-0.961556174270122,-0.4857454934020045
1:1 - circle/ellipse (delta = pi/4),-0.9636858890312435,-0.4926041633158453
1:1 - circle/ellipse (delta = pi/4),-0.9657560102173064,-0.499432370976876
1:1 - circle/ellipse (delta = pi/4),-0.9677664098136498,-0.506229694134123
1:1 - circle/ellipse (delta = pi/4),-0.9697169634987488,-0.5129957124464847
1:1 - circle/ellipse (delta = pi/4),-0.9716075506519023,-0.5197300075087268
1:1 - circle/ellipse (delta = pi/4),-0.9734380543606929,-0.5264321628773558
1:1 - circle/ellipse (delta = pi/4),-0.9752083614282149,-0.5331017640963717
1:1 - circle/ellipse (delta = pi/4),-0.976918362380076,-0.5397383987228966
1:1 - circle/ellipse (delta = pi/4),-0.9785679514711667,-0.5463416563526822
1:1 - circle/ellipse (delta = pi/4),-0.980157026692199,-0.552911128645486
1:1 - circle/ellipse (delta = pi/4),-0.981685489776015,-0.5594464093503246
1:1 - circle/ellipse (delta = pi/4),-0.9831532462036635,-0.5659470943305952
1:1 - circle/ellipse (delta = pi/4),-0.9845602052102449,-0.5724127815890674
1:1 - circle/ellipse (delta = pi/4),-0.9859062797905245,-0.5788430712927427
1:1 - circle/ellipse (delta = pi/4),-0.987191386704312,-0.5852375657975791
1:1 - circle/ellipse (delta = pi/4),-0.9884154464816101,-0.5915958696730813
1:1 - circle/ellipse (delta = pi/4),-0.9895783834275277,-0.5979175897267542
1:1 - circle/ellipse (delta = pi/4),-0.9906801256269615,-0.6042023350284174
1:1 - circle/ellipse (delta = pi/4),-0.9917206049490433,-0.6104497169343794
1:1 - circle/ellipse (delta = pi/4),-0.9926997570513526,-0.616659349111473
1:1 - circle/ellipse (delta = pi/4),-0.9936175213838963,-0.6228308475609431
1:1 - circle/ellipse (delta = pi/4),-0.9944738411928516,-0.6289638306421949
1:1 - circle/ellipse (delta = pi/4),-0.9952686635240774,-0.6350579190963931
1:1 - circle/ellipse (delta = pi/4),-0.9960019392263878,-0.6411127360699157
1:1 - circle/ellipse (delta = pi/4),-0.9966736229545919,-0.6471279071376586
1:1 - circle/ellipse (delta = pi/4),-0.9972836731722979,-0.6531030603261885
1:1 - circle/ellipse (delta = pi/4),-0.9978320521544818,-0.6590378261367464
1:1 - circle/ellipse (delta = pi/4),-0.9983187259898197,-0.664931837568097
1:1 - circle/ellipse (delta = pi/4),-0.9987436645827857,-0.6707847301392232
1:1 - circle/ellipse (delta = pi/4),-0.9991068416555126,-0.6765961419118669
1:1 - circle/ellipse (delta = pi/4),-0.9994082347494166,-0.6823657135129086
1:1 - circle/ellipse (delta = pi/4),-0.9996478252265867,-0.6880930881565926
1:1 - circle/ellipse (delta = pi/4),-0.9998255982709368,-0.6937779116665899
1:1 - circle/ellipse (delta = pi/4),-0.9999415428891218,-0.6994198324978993
1:1 - circle/ellipse (delta = pi/4),-0.9999956519112184,-0.7050185017585879
1:1 - circle/ellipse (delta = pi/4),-0.9999879219911673,-0.7105735732313665
1:1 - circle/ellipse (delta = pi/4),-0.9999183536069804,-0.7160847033949975
1:1 - circle/ellipse (delta = pi/4),-0.9997869510607119,-0.7215515514455398
1:1 - circle/ellipse (delta = pi/4),-0.9995937224781916,-0.7269737793174231
1:1 - circle/ellipse (delta = pi/4),-0.9993386798085224,-0.7323510517043536
1:1 - circle/ellipse (delta = pi/4),-0.999021838823342,-0.7376830360800496
1:1 - circle/ellipse (delta = pi/4),-0.9986432191158467,-0.7429694027188043
1:1 - circle/ellipse (delta = pi/4),-0.9982028440995808,-0.7482098247158752
1:1 - circle/ellipse (delta = pi/4),-0.9977007410069877,-0.7534039780077006
1:1 - circle/ellipse (delta = pi/4),-0.9971369408877263,-0.7585515413919391
1:1 - circle/ellipse (delta = pi/4),-0.9965114786067516,-0.7636521965473319
1:1 - circle/ellipse (delta = pi/4),-0.9958243928421572,-0.7687056280533893
1:1 - circle/ellipse (delta = pi/4),-0.9950757260827848,-0.7737115234098928
1:1 - circle/ellipse (delta = pi/4),-0.9942655246255964,-0.7786695730562238
1:1 - circle/ellipse (delta = pi/4),-0.9933938385728103,-0.7835794703905042
1:1 - circle/ellipse (delta = pi/4),-0.9924607218288048,-0.7884409117885557
1:1 - circle/ellipse (delta = pi/4),-0.991466232096783,-0.7932535966226788
1:1 - circle/ellipse (delta = pi/4),-0.9904104308752052,-0.7980172272802394
1:1 - circle/ellipse (delta = pi/4),-0.9892933834539861,-0.8027315091820766
1:1 - circle/ellipse (delta = pi/4),-0.9881151589104566,-0.8073961508007172
1:1 - circle/ellipse (delta = pi/4),-0.9868758301050934,-0.8120108636784031
1:1 - circle/ellipse (delta = pi/4),-0.9855754736770115,-0.8165753624449318
1:1 - circle/ellipse (delta = pi/4),-0.9842141700392268,-0.8210893648352996
1:1 - circle/ellipse (delta = pi/4),-0.9827920033736823,-0.8255525917071608
1:1 - circle/ellipse (delta = pi/4),-0.9813090616260421,-0.8299647670580873
1:1 - circle/ellipse (delta = pi/4),-0.9797654365002545,-0.8343256180426356
1:1 - circle/ellipse (delta = pi/4),-0.9781612234528788,-0.8386348749892224
1:1 - circle/ellipse (delta = pi/4),-0.9764965216871847,-0.842892271416797
1:1 - circle/ellipse (delta = pi/4),-0.9747714341470156,-0.8470975440513242
1:1 - circle/ellipse (delta = pi/4),-0.9729860675104242,-0.8512504328420611
1:1 - circle/ellipse (delta = pi/4),-0.9711405321830746,-0.8553506809776421
1:1 - circle/ellipse (delta = pi/4),-0.9692349422914152,-0.8593980349019577
1:1 - circle/ellipse (delta = pi/4),-0.9672694156756217,-0.8633922443298336
1:1 - circle/ellipse (delta = pi/4),-0.9652440738823092,-0.8673330622625111
1:1 - circle/ellipse (delta = pi/4),-0.9631590421570163,-0.8712202450029174
1:1 - circle/ellipse (delta = pi/4),-0.96101444943646,-0.8750535521707392
1:1 - circle/ellipse (delta = pi/4),-0.9588104283405615,-0.8788327467172861
1:1 - circle/ellipse (delta = pi/4),-0.9565471151642473,-0.882557594940148
1:1 - circle/ellipse (delta = pi/4),-0.9542246498690179,-0.8862278664976505
1:1 - circle/ellipse (delta = pi/4),-0.9518431760742952,-0.8898433344230955
1:1 - circle/ellipse (delta = pi/4),-0.9494028410485397,-0.8934037751387992
1:1 - circle/ellipse (delta = pi/4),-0.9469037957001436,-0.8969089684699174
1:1 - circle/ellipse (delta = pi/4),-0.9443461945681002,-0.9003586976580592
1:1 - circle/ellipse (delta = pi/4),-0.9417301958124451,-0.903752749374694
1:1 - circle/ellipse (delta = pi/4),-0.939055961204478,-0.9070909137343407
1:1 - circle/ellipse (delta = pi/4),-0.9363236561167568,-0.9103729843075494
1:1 - circle/ellipse (delta = pi/4),-0.9335334495128721,-0.9135987581336658
1:1 - circle/ellipse (delta = pi/4),-0.9306855139369996,-0.9167680357333806
1:1 - circle/ellipse (delta = pi/4),-0.9277800255032277,-0.9198806211210684
1:1 - circle/ellipse (delta = pi/4),-0.9248171638846694,-0.9229363218169037
1:1 - circle/ellipse (delta = pi/4),-0.921797112302349,-0.9259349488587671
1:1 - circle/ellipse (delta = pi/4),-0.9187200575138742,-0.9288763168139275
1:1 - circle/ellipse (delta = pi/4),-0.9155861898018852,-0.9317602437905115
1:1 - circle/ellipse (delta = pi/4),-0.9123957029622884,-0.9345865514487505
1:1 - circle/ellipse (delta = pi/4),-0.9091487942922734,-0.9373550650120082
1:1 - circle/ellipse (delta = pi/4),-0.90584566457811,-0.9400656132775906
1:1 - circle/ellipse (delta = pi/4),-0.9024865180827343,-0.9427180286273312
1:1 - circle/ellipse (delta = pi/4),-0.8990715625331149,-0.9453121470379575
1:1 - circle/ellipse (delta = pi/4),-0.8956010091074086,-0.947847808091234
1:1 - circle/ellipse (delta = pi/4),-0.8920750724219015,-0.9503248549838812
1:1 - circle/ellipse (delta = pi/4),-0.8884939705177358,-0.952743134537274
1:1 - circle/ellipse (delta = pi/4),-0.8848579248474286,-0.9551024972069124
1:1 - circle/ellipse (delta = pi/4),-0.8811671602611751,-0.9574027970916705
1:1 - circle/ellipse (delta = pi/4),-0.8774219049929448,-0.9596438919428187
1:1 - circle/ellipse (delta = pi/4),-0.8736223906463697,-0.961825643172819
1:1 - circle/ellipse (delta = pi/4),-0.8697688521804182,-0.963947915863897
1:1 - circle/ellipse (delta = pi/4),-0.8658615278948697,-0.9660105787763837
1:1 - circle/ellipse (delta = pi/4),-0.8619006594155748,-0.968013504356832
1:1 - circle/ellipse (delta = pi/4),-0.8578864916795148,-0.9699565687459045
1:1 - circle/ellipse (delta = pi/4),-0.8538192729196563,-0.9718396517860322
1:1 - circle/ellipse (delta = pi/4),-0.8496992546495977,-0.9736626370288456
1:1 - circle/ellipse (delta = pi/4),-0.8455266916480191,-0.9754254117423754
1:1 - circle/ellipse (delta = pi/4),-0.841301841942924,-0.9771278669180242
1:1 - circle/ellipse (delta = pi/4),-0.8370249667956844,-0.9787698972773076
1:1 - circle/ellipse (delta = pi/4),-0.8326963306848861,-0.9803514012783628
1:1 - circle/ellipse (delta = pi/4),-0.8283162012899701,-0.981872281122231
1:1 - circle/ellipse (delta = pi/4),-0.8238848494746832,-0.983332442758902
1:1 - circle/ellipse (delta = pi/4),-0.8194025492703245,-0.9847317958931325
1:1 - circle/ellipse (delta = pi/4),-0.8148695778588035,-0.9860702539900286
1:1 - circle/ellipse (delta = pi/4),-0.8102862155554951,-0.9873477342803975
1:1 - circle/ellipse (delta = pi/4),-0.8056527457919076,-0.9885641577658663
1:1 - circle/ellipse (delta = pi/4),-0.8009694550981566,-0.9897194492237659
1:1 - circle/ellipse (delta = pi/4),-0.7962366330852425,-0.9908135372117844
1:1 - circle/ellipse (delta = pi/4),-0.7914545724271457,-0.9918463540723838
1:1 - circle/ellipse (delta = pi/4),-0.7866235688427237,-0.9928178359369839
1:1 - circle/ellipse (delta = pi/4),-0.7817439210774262,-0.9937279227299133
1:1 - circle/ellipse (delta = pi/4),-0.7768159308848221,-0.9945765581721222
1:1 - circle/ellipse (delta = pi/4),-0.7718399030079359,-0.9953636897846648
1:1 - circle/ellipse (delta = pi/4),-0.7668161451604066,-0.9960892688919428
1:1 - circle/ellipse (delta = pi/4),-0.7617449680074555,-0.9967532506247171
1:1 - circle/ellipse (delta = pi/4),-0.756626685146676,-0.997355593922881
1:1 - circle/ellipse (delta = pi/4),-0.7514616130886431,-0.997896261538
1:1 - circle/ellipse (delta = pi/4),-0.7462500712373369,-0.9983752200356156
1:1 - circle/ellipse (delta = pi/4),-0.7409923818703946,-0.9987924397973121
1:1 - circle/ellipse (delta = pi/4),-0.7356888701191783,-0.9991478950225486
1:1 - circle/ellipse (delta = pi/4),-0.7303398639486693,-0.9994415637302546
1:1 - circle/ellipse (delta = pi/4),-0.7249456941371906,-0.9996734277601886
1:1 - circle/ellipse (delta = pi/4),-0.7195066942559459,-0.9998434727740622
1:1 - circle/ellipse (delta = pi/4),-0.7140232006483983,-0.9999516882564257
1:1 - circle/ellipse (delta = pi/4),-0.7084955524094647,-0.9999980675153191
1:1 - circle/ellipse (delta = pi/4),-0.7029240913645523,-0.9999826076826857
1:1 - circle/ellipse (delta = pi/4),-0.6973091620484158,-0.9999053097145492
1:1 - circle/ellipse (delta = pi/4),-0.6916511116838535,-0.9997661783909552
1:1 - circle/ellipse (delta = pi/4),-0.6859502901602371,-0.9995652223156747
1:1 - circle/ellipse (delta = pi/4),-0.6802070500118708,-0.9993024539156731
1:1 - circle/ellipse (delta = pi/4),-0.674421746396195,-0.9989778894403407
1:1 - circle/ellipse (delta = pi/4),-0.6685947370718206,-0.9985915489604889
1:1 - circle/ellipse (delta = pi/4),-0.6627263823764061,-0.9981434563671079
1:1 - circle/ellipse (delta = pi/4),-0.6568170452043772,-0.9976336393698901
1:1 - circle/ellipse (delta = pi/4),-0.650867090984481,-0.9970621294955166
1:1 - circle/ellipse (delta = pi/4),-0.6448768876571935,-0.9964289620857071
1:1 - circle/ellipse (delta = pi/4),-0.6388468056519617,-0.9957341762950346
1:1 - circle/ellipse (delta = pi/4),-0.6327772178642985,-0.994977815088504
1:1 - circle/ellipse (delta = pi/4),-0.6266684996327254,-0.9941599252388961
1:1 - circle/ellipse (delta = pi/4),-0.6205210287155569,-0.9932805573238733
1:1 - circle/ellipse (delta = pi/4),-0.6143351852675456,-0.9923397657228542
1:1 - circle/ellipse (delta = pi/4),-0.6081113518163694,-0.991337608613649
1:1 - circle/ellipse (delta = pi/4),-0.6018499132389776,-0.9902741479688623
1:1 - circle/ellipse (delta = pi/4),-0.5955512567377932,-0.9891494495520617
1:1 - circle/ellipse (delta = pi/4),-0.5892157718167634,-0.9879635829137099
1:1 - circle/ellipse (delta = pi/4),-0.5828438502572787,-0.9867166213868642
1:1 - circle/ellipse (delta = pi/4),-0.5764358860939403,-0.9854086420826417
1:1 - circle/ellipse (delta = pi/4),-0.5699922755901955,-0.9840397258854502
1:1 - circle/ellipse (delta = pi/4),-0.5635134172138357,-0.9826099574479878
1:1 - circle/ellipse (delta = pi/4),-0.5569997116123498,-0.9811194251860063
1:1 - circle/ellipse (delta = pi/4),-0.5504515615881544,-0.9795682212728449
1:1 - circle/ellipse (delta = pi/4),-0.5438693720736795,-0.9779564416337297
1:1 - circle/ellipse (delta = pi/4),-0.5372535501063327,-0.9762841859398422
1:1 - circle/ellipse (delta = pi/4),-0.5306045048033241,-0.974551557602155
1:1 - circle/ellipse (delta = pi/4),-0.5239226473363687,-0.9727586637650372
1:1 - circle/ellipse (delta = pi/4),-0.5172083909062619,-0.9709056152996295
1:1 - circle/ellipse (delta = pi/4),-0.5104621507173226,-0.9689925267969868
1:1 - circle/ellipse (delta = pi/4),-0.5036843439517229,-0.9670195165609929
1:1 - circle/ellipse (delta = pi/4),-0.49687538974368495,-0.9649867066010442
1:1 - circle/ellipse (delta = pi/4),-0.4900357091535642,-0.9628942226245044
1:1 - circle/ellipse (delta = pi/4),-0.4831657251418135,-0.9607421940289322
1:1 - circle/ellipse (delta = pi/4),-0.4762658625428225,-0.9585307538940777
1:1 - circle/ellipse (delta = pi/4),-0.46933654803865194,-0.9562600389736544
1:1 - circle/ellipse (delta = pi/4),-0.4623782101326431,-0.9539301896868814
1:1 - circle/ellipse (delta = pi/4),-0.45539127912292127,-0.9515413501097999
1:1 - circle/ellipse (delta = pi/4),-0.4483761870757893,-0.9490936679663653
1:1 - circle/ellipse (delta = pi/4),-0.441333367799003,-0.9465872946193097
1:1 - circle/ellipse (delta = pi/4),-0.43426325681495154,-0.9440223850607838
1:1 - circle/ellipse (delta = pi/4),-0.42716629133371925,-0.9413990979027711
1:1 - circle/ellipse (delta = pi/4),-0.4200429102260514,-0.9387175953672792
1:1 - circle/ellipse (delta = pi/4),-0.41289355399621713,-0.9359780432763098
1:1 - circle/ellipse (delta = pi/4),-0.4057186647547635,-0.9331806110416025
1:1 - circle/ellipse (delta = pi/4),-0.398518686191182,-0.93032547165416
1:1 - circle/ellipse (delta = pi/4),-0.39129406354646484,-0.9274128016735488
1:1 - circle/ellipse (delta = pi/4),-0.384045243585578,-0.9244427812169831
1:1 - circle/ellipse (delta = pi/4),-0.376772674569828,-0.9214155939481844
1:1 - circle/ellipse (delta = pi/4),-0.369476806229144,-0.9183314270660247
1:1 - circle/ellipse (delta = pi/4),-0.3621580897342696,-0.9151904712929514
1:1 - circle/ellipse (delta = pi/4),-0.35481697766885706,-0.9119929208631906
1:1 - circle/ellipse (delta = pi/4),-0.3474539240014862,-0.908738973510739
1:1 - circle/ellipse (delta = pi/4),-0.34006938405758574,-0.905428830457133
1:1 - circle/ellipse (delta = pi/4),-0.3326638144912788,-0.9020626963990072
1:1 - circle/ellipse (delta = pi/4),-0.32523767325714625,-0.8986407794954366
1:1 - circle/ellipse (delta = pi/4),-0.3177914195819014,-0.8951632913550622
1:1 - circle/ellipse (delta = pi/4),-0.3103255139359983,-0.8916304470230075
1:1 - circle/ellipse (delta = pi/4),-0.30284041800515077,-0.8880424649675785
1:1 - circle/ellipse (delta = pi/4),-0.29533659466178497,-0.8843995670667543
1:1 - circle/ellipse (delta = pi/4),-0.2878145079364178,-0.8807019785944675
1:1 - circle/ellipse (delta = pi/4),-0.2802746229889559,-0.8769499282066714
1:1 - circle/ellipse (delta = pi/4),-0.27271740607993744,-0.8731436479272024
1:1 - circle/ellipse (delta = pi/4),-0.2651433245416928,-0.8692833731334296
1:1 - circle/ellipse (delta = pi/4),-0.2575528467494478,-0.8653693425417001
1:1 - circle/ellipse (delta = pi/4),-0.24994644209236203,-0.8614017981925786
1:1 - circle/ellipse (delta = pi/4),-0.2423245809444966,-0.8573809854358764
1:1 - circle/ellipse (delta = pi/4),-0.23468773463573323,-0.853307152915483
1:1 - circle/ellipse (delta = pi/4),-0.22703637542262153,-0.849180552553987
1:1 - circle/ellipse (delta = pi/4),-0.21937097645917766,-0.8450014395370983
1:1 - circle/ellipse (delta = pi/4),-0.2116920117676275,-0.8407700722978697
1:1 - circle/ellipse (delta = pi/4),-0.2039999562090874,-0.836486712500712
1:1 - circle/ellipse (delta = pi/4),-0.196295285454206,-0.8321516250252166
1:1 - circle/ellipse (delta = pi/4),-0.18857847595374228,-0.8277650779497716
1:1 - circle/ellipse (delta = pi/4),-0.18085000490910916,-0.8233273425349883
1:1 - circle/ellipse (delta = pi/4),-0.17311035024285767,-0.818838693206923
1:1 - circle/ellipse (delta = pi/4),-0.16535999056912515,-0.8142994075401084
1:1 - circle/ellipse (delta = pi/4),-0.15759940516404075,-0.8097097662403897
1:1 - circle/ellipse (delta = pi/4),-0.14982907393608128,-0.8050700531275627
1:1 - circle/ellipse (delta = pi/4),-0.1420494773964011,-0.8003805551178269
1:1 - circle/ellipse (delta = pi/4),-0.1342610966291115,-0.7956415622060385
1:1 - circle/ellipse (delta = pi/4),-0.12646441326153343,-0.7908533674477801
1:1 - circle/ellipse (delta = pi/4),-0.11865990943441673,-0.7860162669412387
1:1 - circle/ellipse (delta = pi/4),-0.11084806777211882,-0.7811305598088921
1:1 - circle/ellipse (delta = pi/4),-0.10302937135276655,-0.7761965481790161
1:1 - circle/ellipse (delta = pi/4),-0.09520430367837689,-0.7712145371669962
1:1 - circle/ellipse (delta = pi/4),-0.08737334864496019,-0.7661848348564624
1:1 - circle/ellipse (delta = pi/4),-0.0795369905125991,-0.7611077522802383
1:1 - circle/ellipse (delta = pi/4),-0.07169571387549613,-0.7559836034011036
1:1 - circle/ellipse (delta = pi/4),-0.06385000363201372,-0.7508127050923835
1:1 - circle/ellipse (delta = pi/4),-0.056000344954682445,-0.7455953771183491
1:1 - circle/ellipse (delta = pi/4),-0.048147223260200864,-0.7403319421144453
1:1 - circle/ellipse (delta = pi/4),-0.04029112417942046,-0.7350227255673413
1:1 - circle/ellipse (delta = pi/4),-0.032432533527308405,-0.7296680557947983
1:1 - circle/ellipse (delta = pi/4),-0.02457193727291219,-0.7242682639253717
1:1 - circle/ellipse (delta = pi/4),-0.01670982150930065,-0.7188236838779292
1:1 - circle/ellipse (delta = pi/4),-0.008846672423511408,-0.7133346523410063
1:1 - circle/ellipse (delta = pi/4),-0.000982976266479254,-0.7078015087519823
1:1 - circle/ellipse (delta = pi/4),0.006880780677030569,-0.7022245952760905
1:1 - circle/ellipse (delta = pi/4),0.014744112118491165,-0.6966042567852614
1:1 - circle/ellipse (delta = pi/4),0.0226065317956919,-0.6909408408367917
1:1 - circle/ellipse (delta = pi/4),0.030467553502801375,-0.685234697651857
1:1 - circle/ellipse (delta = pi/4),0.038326691120440216,-0.6794861800938489
1:1 - circle/ellipse (delta = pi/4),0.04618345864573966,-0.6736956436465571
1:1 - circle/ellipse (delta = pi/4),0.05403737022239292,-0.6678634463921885
1:1 - circle/ellipse (delta = pi/4),0.06188794017070636,-0.6619899489892185
1:1 - circle/ellipse (delta = pi/4),0.06973468301762649,-0.6560755146500937
1:1 - circle/ellipse (delta = pi/4),0.07757711352676736,-0.6501205091187667
1:1 - circle/ellipse (delta = pi/4),0.08541474672841462,-0.6441253006480806
1:1 - circle/ellipse (delta = pi/4),0.09324709794951297,-0.6380902599769985
1:1 - circle/ellipse (delta = pi/4),0.10107368284364415,-0.6320157603076728
1:1 - circle/ellipse (delta = pi/4),0.10889401742097148,-0.6259021772823716
1:1 - circle/ellipse (delta = pi/4),0.11670761807817559,-0.6197498889602453
1:1 - circle/ellipse (delta = pi/4),0.12451400162835742,-0.6135592757939489
1:1 - circle/ellipse (delta = pi/4),0.13231268533091545,-0.6073307206061178
1:1 - circle/ellipse (delta = pi/4),0.14010318692140422,-0.6010646085656894
1:1 - circle/ellipse (delta = pi/4),0.1478850246413501,-0.5947613271640898
1:1 - circle/ellipse (delta = pi/4),0.15565771726804895,-0.5884212661912671
1:1 - circle/ellipse (delta = pi/4),0.16342078414432207,-0.5820448177115891
1:1 - circle/ellipse (delta = pi/4),0.1711737452082369,-0.5756323760396003
1:1 - circle/ellipse (delta = pi/4),0.17891612102279983,-0.569184337715633
1:1 - circle/ellipse (delta = pi/4),0.18664743280559729,-0.5627011014812915
1:1 - circle/ellipse (delta = pi/4),0.19436720245841008,-0.5561830682547877
1:1 - circle/ellipse (delta = pi/4),0.20207495259677183,-0.5496306411061554
1:1 - circle/ellipse (delta = pi/4),0.20977020657949605,-0.5430442252323192
1:1 - circle/ellipse (delta = pi/4),0.2174524885381486,-0.5364242279320394
1:1 - circle/ellipse (delta = pi/4),0.22512132340647256,-0.5297710585807275
1:1 - circle/ellipse (delta = pi/4),0.23277623694977187,-0.5230851286051256
1:1 - circle/ellipse (delta = pi/4),0.24041675579423075,-0.5163668514578699
1:1 - circle/ellipse (delta = pi/4),0.24804240745619288,-0.5096166425919179
1:1 - circle/ellipse (delta = pi/4),0.25565272037137676,-0.5028349194348594
1:1 - circle/ellipse (delta = pi/4),0.26324722392403427,-0.4960221013631053
1:1 - circle/ellipse (delta = pi/4),0.2708254484760593,-0.48917860967594873
1:1 - circle/ellipse (delta = pi/4),0.27838692539602283,-0.4823048675695177
1:1 - circle/ellipse (delta = pi/4),0.2859311870881588,-0.4754013001106001
1:1 - circle/ellipse (delta = pi/4),0.29345776702127707,-0.4684683342103602
1:1 - circle/ellipse (delta = pi/4),0.3009661997576113,-0.4615063985979409
1:1 - circle/ellipse (delta = pi/4),0.30845602098160657,-0.4545159237939461
1:1 - circle/ellipse (delta = pi/4),0.315926767528626,-0.4474973420838241
1:1 - circle/ellipse (delta = pi/4),0.3233779774135981,-0.4404510874911295
1:1 - circle/ellipse (delta = pi/4),0.3308091898595833,-0.43337759575068624
1:1 - circle/ellipse (delta = pi/4),0.3382199453262652,-0.4262773042816444
1:1 - circle/ellipse (delta = pi/4),0.3456097855383743,-0.4191506521604249
1:1 - circle/ellipse (delta = pi/4),0.3529782535140205,-0.41199808009357386
1:1 - circle/ellipse (delta = pi/4),0.3603248935929595,-0.40482003039050307
1:1 - circle/ellipse (delta = pi/4),0.3676492514647633,-0.3976169469361445
1:1 - circle/ellipse (delta = pi/4),0.3749508741969207,-0.3903892751634952
1:1 - circle/ellipse (delta = pi/4),0.38222931026284346,-0.3831374620260743
1:1 - circle/ellipse (delta = pi/4),0.3894841095697862,-0.37586195597028643
1:1 - circle/ellipse (delta = pi/4),0.39671482348668513,-0.3685632069076843
1:1 - circle/ellipse (delta = pi/4),0.40392100487189486,-0.36124166618715303
1:1 - circle/ellipse (delta = pi/4),0.4111022081008448,-0.3538977865669935
1:1 - circle/ellipse (delta = pi/4),0.41825798909359385,-0.3465320221869266
1:1 - circle/ellipse (delta = pi/4),0.42538790534228943,-0.3391448285400117
1:1 - circle/ellipse (delta = pi/4),0.4324915159385377,-0.33173666244447414
1:1 - circle/ellipse (delta = pi/4),0.43956838160066225,-0.32430798201546207
1:1 - circle/ellipse (delta = pi/4),0.44661806470087484,-0.31685924663671133
1:1 - circle/ellipse (delta = pi/4),0.45364012929233527,-0.30939091693214016
1:1 - circle/ellipse (delta = pi/4),0.46063414113610784,-0.30190345473736685
1:1 - circle/ellipse (delta = pi/4),0.4675996677280198,-0.2943973230711444
1:1 - circle/ellipse (delta = pi/4),0.4745362783254007,-0.28687298610673473
1:1 - circle/ellipse (delta = pi/4),0.48144354397372474,-0.27933090914319836
1:1 - circle/ellipse (delta = pi/4),0.48832103753313466,-0.27177155857662333
1:1 - circle/ellipse (delta = pi/4),0.4951683337048533,-0.2641954018712864
1:1 - circle/ellipse (delta = pi/4),0.5019850090574893,-0.256602907530739
1:1 - circle/ellipse (delta = pi/4),0.5087706420532154,-0.24899454506884275
1:1 - circle/ellipse (delta = pi/4),0.5155248130738423,-0.24137078498072775
1:1 - circle/ellipse (delta = pi/4),0.5222471044467617,-0.23373209871370468
1:1 - circle/ellipse (delta = pi/4),0.5289371004707791,-0.22607895863810473
1:1 - circle/ellipse (delta = pi/4),0.5355943874418196,-0.2184118380180712
1:1 - circle/ellipse (delta = pi/4),0.5422185536785079,-0.21073121098229586
1:1 - circle/ellipse (delta = pi/4),0.5488091895476314,-0.20303755249469307
1:1 - circle/ellipse (delta = pi/4),0.5553658874894665,-0.19533133832503538
1:1 - circle/ellipse (delta = pi/4),0.561888242042986,-0.1876130450195262
1:1 - circle/ellipse (delta = pi/4),0.5683758498709314,-0.17988314987133316
1:1 - circle/ellipse (delta = pi/4),0.5748283097847513,-0.17214213089107533
1:1 - circle/ellipse (delta = pi/4),0.581245222769417,-0.16439046677725727
1:1 - circle/ellipse (delta = pi/4),0.587626192008091,-0.15662863688667372
1:1 - circle/ellipse (delta = pi/4),0.5939708229066704,-0.14885712120476033
1:1 - circle/ellipse (delta = pi/4),0.6002787231181871,-0.14107640031591456
1:1 - circle/ellipse (delta = pi/4),0.6065495025670672,-0.13328695537377913
1:1 - circle/ellipse (delta = pi/4),0.6127827734732586,-0.12548926807148192
1:1 - circle/ellipse (delta = pi/4),0.6189781503762047,-0.11768382061185527
1:1 - circle/ellipse (delta = pi/4),0.6251352501586868,-0.10987109567761098
1:1 - circle/ellipse (delta = pi/4),0.6312536920705124,-0.10205157640149408
1:1 - circle/ellipse (delta = pi/4),0.6373330977520599,-0.094225746336409
1:1 - circle/ellipse (delta = pi/4),0.6433730912576797,-0.08639408942551087
1:1 - circle/ellipse (delta = pi/4),0.6493732990789374,-0.07855708997228587
1:1 - circle/ellipse (delta = pi/4),0.6553333501677159,-0.07071523261059617
1:1 - circle/ellipse (delta = pi/4),0.6612528759591589,-0.06286900227471313
1:1 - circle/ellipse (delta = pi/4),0.6671315103944606,-0.05501888416933205
1:1 - circle/ellipse (delta = pi/4),0.6729688899435068,-0.04716536373956129
1:1 - circle/ellipse (delta = pi/4),0.6787646536273504,-0.03930892664090981
1:1 - circle/ellipse (delta = pi/4),0.6845184430405391,-0.031450058709247525
1:1 - circle/ellipse (delta = pi/4),0.6902299023732739,-0.0235892459307687
1:1 - circle/ellipse (delta = pi/4),0.6958986784334165,-0.015726974411932715
1:1 - circle/ellipse (delta = pi/4),0.7015244206683285,-0.007863730349406316
1:1 - circle/ellipse (delta = pi/4),0.7071067811865474,-2.4492935982947064e-16
1:2 - a figure eight,1.0,0.0
1:2 - a figure eight,0.999969080394485,0.015726974411932305
1:2 - a figure eight,0.9998763234899837,0.031450058709247844
1:2 - a figure eight,0.99972173502251,0.04716536373956145
1:2 - a figure eight,0.9995053245516928,0.06286900227471312
1:2 - a figure eight,0.999227105460185,0.0785570899722857
1:2 - a figure eight,0.9988870949528355,0.09422574633640868
1:2 - a figure eight,0.9984853140556258,0.10987109567761048
1:2 - a figure eight,0.9980217876143698,0.12548926807148214
1:2 - a figure eight,0.9974965442931767,0.14107640031591462
1:2 - a figure eight,0.9969096165726792,0.1566286368866736
1:2 - a figure eight,0.9962610407480245,0.17214213089107508
1:2 - a figure eight,0.9955508569266297,0.1876130450195258
1:2 - a figure eight,0.9947791090257022,0.20303755249469338
1:2 - a figure eight,0.9939458447695233,0.21841183801807135
1:2 - a figure eight,0.9930511156864972,0.23373209871370465
1:2 - a figure eight,0.9920949771059643,0.24899454506884255
1:2 - a figure eight,0.9910774881547801,0.264195401871286
1:2 - a figure eight,0.9899987117536587,0.27933090914319786
1:2 - a figure eight,0.9888587146132816,0.29439732307114463
1:2 - a figure eight,0.9876575672301724,0.3093909169321402
1:2 - a figure eight,0.9863953438823377,0.32430798201546196
1:2 - a figure eight,0.9850721226246736,0.33914482854001143
1:2 - a figure eight,0.9836879852841385,0.3538977865669931
1:2 - a figure eight,0.9822430174546936,0.36856320690768457
1:2 - a figure eight,0.9807373084920092,0.3831374620260744
1:2 - a figure eight,0.9791709515079401,0.39761694693614447
1:2 - a figure eight,0.9775440433647659,0.4119980800935737
1:2 - a figure eight,0.9758566846692027,0.42627730428164406
1:2 - a figure eight,0.9741089797661812,0.440451087491129
1:2 - a figure eight,0.9723010367323934,0.45451592379394634
1:2 - a figure eight,0.9704329673696103,0.4684683342103602
1:2 - a figure eight,0.9685048871977674,0.4823048675695175
1:2 - a figure eight,0.9665169154478213,0.4960221013631051
1:2 - a figure eight,0.9644691750543766,0.5096166425919174
1:2 - a figure eight,0.9623617926480836,0.5230851286051258
1:2 - a figure eight,0.9601948985478076,0.5364242279320394
1:2 - a figure eight,0.9579686267525703,0.5496306411061554
1:2 - a figure eight,0.9556831149332629,0.5627011014812913
1:2 - a figure eight,0.9533385044241331,0.5756323760395999
1:2 - a figure eight,0.9509349402140451,0.5884212661912667
1:2 - a figure eight,0.9484725709375132,0.6010646085656896
1:2 - a figure eight,0.9459515488655108,0.6135592757939489
1:2 - a figure eight,0.9433720298960537,0.6259021772823715
1:2 - a figure eight,0.9407341735445599,0.6380902599769983
1:2 - a figure eight,0.938038142933985,0.6501205091187664
1:2 - a figure eight,0.9352841047847349,0.6619899489892186
1:2 - a figure eight,0.9324722294043558,0.6736956436465572
1:2 - a figure eight,0.9296026906770029,0.685234697651857
1:2 - a figure eight,0.9266756660526868,0.6966042567852612
1:2 - a figure eight,0.9236913365363012,0.707801508751982
1:2 - a figure eight,0.9206498866764288,0.7188236838779294
1:2 - a figure eight,0.9175515045539293,0.7296680557947984
1:2 - a figure eight,0.9143963817703087,0.7403319421144453
1:2 - a figure eight,0.9111847134358705,0.7508127050923834
1:2 - a figure eight,0.9079166981576505,0.7611077522802381
1:2 - a figure eight,0.9045925380271355,0.7712145371669958
1:2 - a figure eight,0.9012124386077652,0.7811305598088923
1:2 - a figure eight,0.8977766089222207,0.7908533674477802
1:2 - a figure eight,0.894285261439499,0.8003805551178268
1:2 - a figure eight,0.8907386120617741,0.8097097662403896
1:2 - a figure eight,0.8871368801110451,0.8188386932069228
1:2 - a figure eight,0.8834802883155742,0.8277650779497717
1:2 - a figure eight,0.8797690627961134,0.836486712500712
1:2 - a figure eight,0.8760034330519203,0.8450014395370983
1:2 - a figure eight,0.8721836319465677,0.8533071529154829
1:2 - a figure eight,0.8683098956935419,0.8614017981925784
1:2 - a figure eight,0.8643824638416368,0.8692833731334294
1:2 - a figure eight,0.8604015792601393,0.8769499282066715
1:2 - a figure eight,0.8563674881238116,0.8843995670667543
1:2 - a figure eight,0.8522804398976661,0.8916304470230075
1:2 - a figure eight,0.8481406873215409,0.8986407794954365
1:2 - a figure eight,0.8439484863944691,0.9054288304571327
1:2 - a figure eight,0.8397040963588486,0.9119929208631907
1:2 - a figure eight,0.8354077796844107,0.9183314270660248
1:2 - a figure eight,0.8310598020519884,0.9244427812169831
1:2 - a figure eight,0.8266604323370882,0.9303254716541599
1:2 - a figure eight,0.8222099425932625,0.9359780432763097
1:2 - a figure eight,0.8177086080352857,0.941399097902771
1:2 - a figure eight,0.8131567070221356,0.9465872946193098
1:2 - a figure eight,0.8085545210397792,0.9515413501097999
1:2 - a figure eight,0.8039023346837667,0.9562600389736544
1:2 - a figure eight,0.799200435641632,0.9607421940289322
1:2 - a figure eight,0.7944491146751024,0.9649867066010441
1:2 - a figure eight,0.7896486656021178,0.9689925267969868
1:2 - a figure eight,0.7847993852786609,0.9727586637650372
1:2 - a figure eight,0.7799015735804018,0.9762841859398422
1:2 - a figure eight,0.7749555333841511,0.9795682212728449
1:2 - a figure eight,0.7699615705491325,0.9826099574479877
1:2 - a figure eight,0.7649199938980675,0.9854086420826416
1:2 - a figure eight,0.7598311151980787,0.9879635829137099
1:2 - a figure eight,0.7546952491414101,0.9902741479688623
1:2 - a figure eight,0.749512713325966,0.9923397657228542
1:2 - a figure eight,0.7442838282356729,0.9941599252388961
1:2 - a figure eight,0.7390089172206591,0.9957341762950345
1:2 - a figure eight,0.7336883064772601,0.9970621294955166
1:2 - a figure eight,0.7283223250278468,0.9981434563671079
1:2 - a figure eight,0.7229113047004778,0.9989778894403407
1:2 - a figure eight,0.7174555801083813,0.9995652223156747
1:2 - a figure eight,0.7119554886292617,0.9999053097145492
1:2 - a figure eight,0.7064113703844367,0.9999980675153191
1:2 - a figure eight,0.7008235682178047,0.9998434727740622
1:2 - a figure eight,0.6951924276746424,0.9994415637302546
1:2 - a figure eight,0.6895182969802386,0.9987924397973121
1:2 - a figure eight,0.6838015270183586,0.997896261538
1:2 - a figure eight,0.6780424713095465,0.9967532506247171
1:2 - a figure eight,0.6722414859892641,0.9953636897846647
1:2 - a figure eight,0.666398929785866,0.9937279227299133
1:2 - a figure eight,0.6605151639984186,0.9918463540723838
1:2 - a figure eight,0.654590552474356,0.989719449223766
1:2 - a figure eight,0.6486254615869806,0.9873477342803976
1:2 - a figure eight,0.642620260212807,0.9847317958931325
1:2 - a figure eight,0.6365753197087491,0.981872281122231
1:2 - a figure eight,0.6304910138891598,0.9787698972773076
1:2 - a figure eight,0.6243677190027097,0.9754254117423754
1:2 - a figure eight,0.6182058137091236,0.9718396517860322
1:2 - a figure eight,0.6120056790557636,0.9680135043568322
1:2 - a figure eight,0.6057676984540648,0.963947915863897
1:2 - a figure eight,0.5994922576558263,0.9596438919428187
1:2 - a figure eight,0.5931797447293553,0.9551024972069124
1:2 - a figure eight,0.5868305500354712,0.9503248549838812
1:2 - a figure eight,0.5804450662033646,0.9453121470379576
1:2 - a figure eight,0.5740236881063174,0.9400656132775906
1:2 - a figure eight,0.5675668128372856,0.9345865514487505
1:2 - a figure eight,0.5610748396843406,0.9288763168139275
1:2 - a figure eight,0.5545481701059807,0.9229363218169038
1:2 - a figure eight,0.547987207706303,0.9167680357333808
1:2 - a figure eight,0.5413923582100464,0.9103729843075496
1:2 - a figure eight,0.5347640294375006,0.9037527493746939
1:2 - a figure eight,0.5281026312792862,0.8969089684699173
1:2 - a figure eight,0.5214085756710114,0.8898433344230956
1:2 - a figure eight,0.5146822765677923,0.8825575949401481
1:2 - a figure eight,0.5079241499186591,0.8750535521707393
1:2 - a figure eight,0.501134613640832,0.867333062262511
1:2 - a figure eight,0.4943140875938768,0.8593980349019575
1:2 - a figure eight,0.4874629935537444,0.8512504328420613
1:2 - a figure eight,0.4805817551866839,0.8428922714167971
1:2 - a figure eight,0.47367079802304707,0.8343256180426357
1:2 - a figure eight,0.4667305494309729,0.8255525917071611
1:2 - a figure eight,0.45976143858995744,0.8165753624449317
1:2 - a figure eight,0.45276389646431825,0.8073961508007171
1:2 - a figure eight,0.44573835577653836,0.7980172272802396
1:2 - a figure eight,0.4386852509805114,0.7884409117885558
1:2 - a figure eight,0.4316050182346736,0.7786695730562241
1:2 - a figure eight,0.4244980953750307,0.7687056280533892
1:2 - a figure eight,0.4173649218880868,0.7585515413919389
1:2 - a figure eight,0.41020593888366125,0.7482098247158754
1:2 - a figure eight,0.40302158906761526,0.7376830360800498
1:2 - a figure eight,0.3958123167144732,0.726973779317423
1:2 - a figure eight,0.38857856763994947,0.7160847033949976
1:2 - a figure eight,0.3813207891733801,0.7050185017585882
1:2 - a figure eight,0.37403943013005797,0.6937779116665896
1:2 - a figure eight,0.36673494078348323,0.6823657135129089
1:2 - a figure eight,0.35940777283751285,0.6707847301392235
1:2 - a figure eight,0.3520583793984321,0.6590378261367467
1:2 - a figure eight,0.3446872149469332,0.6471279071376588
1:2 - a figure eight,0.337294735310009,0.635057919096393
1:2 - a figure eight,0.32988139763276936,0.6228308475609433
1:2 - a figure eight,0.32244766035016614,0.6104497169343797
1:2 - a figure eight,0.3149939831586484,0.597917589726754
1:2 - a figure eight,0.30752082698773325,0.5852375657975792
1:2 - a figure eight,0.300028653971501,0.5724127815890675
1:2 - a figure eight,0.2925179274200216,0.5594464093503244
1:2 - a figure eight,0.28498911179069786,0.5463416563526824
1:2 - a figure eight,0.27744267265954886,0.5331017640963716
1:2 - a figure eight,0.2698790766924169,0.519730007508727
1:2 - a figure eight,0.2622987916161078,0.5062296941341232
1:2 - a figure eight,0.25470228618947194,0.4926041633158451
1:2 - a figure eight,0.24709003017441006,0.4788567853700905
1:2 - a figure eight,0.23946249430682878,0.4649909607523111
1:2 - a figure eight,0.23182015026752825,0.45101011921610173
1:2 - a figure eight,0.2241634706530343,0.43691771896483933
1:2 - a figure eight,0.21649292894637379,0.4227172457962847
1:2 - a figure eight,0.2088089994877932,0.40841221224036295
1:2 - a figure eight,0.20111215744542826,0.39400615669032485
1:2 - a figure eight,0.19340287878591833,0.379502642527518
1:2 - a figure eight,0.1856816402449733,0.36490525723997186
1:2 - a figure eight,0.1779489192978932,0.3502176115350213
1:2 - a figure eight,0.17020519413003915,0.33544333844618884
1:2 - a figure eight,0.16245094360726772,0.32058609243454234
1:2 - a figure eight,0.1546866472463121,0.3056495484847512
1:2 - a figure eight,0.14691278518513384,0.29063740119607073
1:2 - a figure eight,0.13912983815322993,0.2755533638684704
1:2 - a figure eight,0.131338287441903,0.2604011675841366
1:2 - a figure eight,0.12353861487450349,0.24518456028458127
1:2 - a figure eight,0.11573130277662792,0.22990730584357372
1:2 - a figure eight,0.10791683394629716,0.21457318313613816
1:2 - a figure eight,0.10009569162409873,0.19918598510383628
1:2 - a figure eight,0.09226835946330185,0.18374951781657037
1:2 - a figure eight,0.0844353214999536,0.16826759953114295
1:2 - a figure eight,0.07659706212294028,0.1527440597467983
1:2 - a figure eight,0.06875406604403804,0.1371827382579828
1:2 - a figure eight,0.060906818267936515,0.1215874842045628
1:2 - a figure eight,0.05305580406224695,0.10596215511972708
1:2 - a figure eight,0.04520150892749404,0.09031061597581287
1:2 - a figure eight,0.037344418567091246,0.07463673822829649
1:2 - a figure eight,0.029485018857307876,0.05894439885817349
1:2 - a figure eight,0.02162379581722116,0.04323747941297892
1:2 - a figure eight,0.013761235578661631,0.027519865046673385
1:2 - a figure eight,0.00589782435615156,0.01179544355863722
1:2 - a figure eight,-0.001965951583164378,-0.0039318955679857985
1:2 - a figure eight,-0.009829605949584602,-0.01965826212836518
1:2 - a figure eight,-0.017692652460928607,-0.03537976615823896
1:2 - a figure eight,-0.0255546048726034,-0.051092518896105
1:2 - a figure eight,-0.03341497700767424,-0.06679263374512145
1:2 - a figure eight,-0.041273282786931216,-0.08247622723446513
1:2 - a figure eight,-0.049129036258943146,-0.098139419979921
1:2 - a figure eight,-0.05698175163011458,-0.11377833764346101
1:2 - a figure eight,-0.0648309432947221,-0.12938911189157062
1:2 - a figure eight,-0.07267612586494548,-0.14496788135209407
1:2 - a figure eight,-0.08051681420088554,-0.16051079256935777
1:2 - a figure eight,-0.08835252344055985,-0.1760140009573316
1:2 - a figure eight,-0.09618276902989253,-0.19147367175060015
1:2 - a figure eight,-0.1040070667526737,-0.20688598095290486
1:2 - a figure eight,-0.11182493276050488,-0.22224711628301805
1:2 - a figure eight,-0.11963588360272152,-0.23755327811772547
1:2 - a figure eight,-0.1274394362562844,-0.2528006804316718
1:2 - a figure eight,-0.13523510815565548,-0.26798555173384664
1:2 - a figure eight,-0.14302241722263467,-0.2831041360004754
1:2 - a figure eight,-0.15080088189617316,-0.29815269360408064
1:2 - a figure eight,-0.15857002116215252,-0.3131275022384917
1:2 - a figure eight,-0.16632935458312975,-0.3280248578395691
1:2 - a figure eight,-0.17407840232804886,-0.3428410755014137
1:2 - a figure eight,-0.18181668520191058,-0.35757249038784217
1:2 - a figure eight,-0.18954372467540728,-0.3722154586388926
1:2 - a figure eight,-0.19725904291451435,-0.38676635827214545
1:2 - a figure eight,-0.2049621628100386,-0.40122159007863306
1:2 - a figure eight,-0.2126526080071245,-0.41557757851311233
1:2 - a figure eight,-0.22032990293470683,-0.4298307725784882
1:2 - a figure eight,-0.22799357283492577,-0.4439776467041641
1:2 - a figure eight,-0.23564314379248066,-0.45801470161810076
1:2 - a figure eight,-0.2432781427639383,-0.47193846521237237
1:2 - a figure eight,-0.2508980976069874,-0.4857454934020045
1:2 - a figure eight,-0.25850253710963067,-0.499432370976876
1:2 - a figure eight,-0.2660909910193302,-0.5129957124464847
1:2 - a figure eight,-0.27366299007208283,-0.5264321628773558
1:2 - a figure eight,-0.28121806602144084,-0.5397383987228966
1:2 - a figure eight,-0.2887557516674695,-0.552911128645486
1:2 - a figure eight,-0.29627558088563377,-0.5659470943305952
1:2 - a figure eight,-0.30377708865562897,-0.5788430712927427
1:2 - a figure eight,-0.3112598110901327,-0.5915958696730813
1:2 - a figure eight,-0.31872328546349316,-0.6042023350284174
1:2 - a figure eight,-0.32616705024034365,-0.616659349111473
1:2 - a figure eight,-0.33359064510414277,-0.6289638306421949
1:2 - a figure eight,-0.34099361098564207,-0.6411127360699157
1:2 - a figure eight,-0.34837549009127167,-0.6531030603261885
1:2 - a figure eight,-0.35573582593145175,-0.664931837568097
1:2 - a figure eight,-0.3630741633488211,-0.6765961419118669
1:2 - a figure eight,-0.3703900485463831,-0.6880930881565926
1:2 - a figure eight,-0.37768302911557033,-0.6994198324978993
1:2 - a figure eight,-0.38495265406421675,-0.7105735732313665
1:2 - a figure eight,-0.39219847384445233,-0.7215515514455398
1:2 - a figure eight,-0.3994200403804981,-0.7323510517043536
1:2 - a figure eight,-0.4066169070963767,-0.7429694027188043
1:2 - a figure eight,-0.41378862894352975,-0.7534039780077006
1:2 - a figure eight,-0.42093476242833483,-0.7636521965473319
1:2 - a figure eight,-0.42805486563953654,-0.7737115234098928
1:2 - a figure eight,-0.4351484982755695,-0.7835794703905042
1:2 - a figure eight,-0.4422152216717882,-0.7932535966226788
1:2 - a figure eight,-0.4492545988275927,-0.8027315091820766
1:2 - a figure eight,-0.45626619443345445,-0.8120108636784031
1:2 - a figure eight,-0.4632495748978327,-0.8210893648352996
1:2 - a figure eight,-0.4702043083739892,-0.8299647670580873
1:2 - a figure eight,-0.4771299647866928,-0.8386348749892224
1:2 - a figure eight,-0.48402611585881516,-0.8470975440513242
1:2 - a figure eight,-0.49089233513781444,-0.8553506809776421
1:2 - a figure eight,-0.49772819802210844,-0.8633922443298336
1:2 - a figure eight,-0.5045332817873293,-0.8712202450029174
1:2 - a figure eight,-0.5113071656124659,-0.8788327467172861
1:2 - a figure eight,-0.5180494306058869,-0.8862278664976505
1:2 - a figure eight,-0.5247596598312443,-0.8934037751387992
1:2 - a figure eight,-0.5314374383332576,-0.9003586976580592
1:2 - a figure eight,-0.5380823531633726,-0.9070909137343407
1:2 - a figure eight,-0.5446939934052986,-0.9135987581336658
1:2 - a figure eight,-0.5512719502004195,-0.9198806211210684
1:2 - a figure eight,-0.557815816773077,-0.9259349488587671
1:2 - a figure eight,-0.5643251884557248,-0.9317602437905115
1:2 - a figure eight,-0.5707996627139543,-0.9373550650120082
1:2 - a figure eight,-0.5772388391713853,-0.9427180286273312
1:2 - a figure eight,-0.5836423196344259,-0.947847808091234
1:2 - a figure eight,-0.5900097081168966,-0.952743134537274
1:2 - a figure eight,-0.5963406108645168,-0.9574027970916705
1:2 - a figure eight,-0.6026346363792562,-0.961825643172819
1:2 - a figure eight,-0.6088913954435425,-0.9660105787763837
1:2 - a figure eight,-0.6151105011443315,-0.9699565687459045
1:2 - a figure eight,-0.6212915688970333,-0.9736626370288456
1:2 - a figure eight,-0.6274342164692945,-0.9771278669180242
1:2 - a figure eight,-0.6335380640046363,-0.9803514012783628
1:2 - a figure eight,-0.6396027340459424,-0.983332442758902
1:2 - a figure eight,-0.6456278515588023,-0.9860702539900286
1:2 - a figure eight,-0.6516130439547028,-0.9885641577658663
1:2 - a figure eight,-0.6575579411140681,-0.9908135372117844
1:2 - a figure eight,-0.663462175409148,-0.9928178359369839
1:2 - a figure eight,-0.6693253817267525,-0.9945765581721222
1:2 - a figure eight,-0.6751471974908285,-0.9960892688919428
1:2 - a figure eight,-0.6809272626848826,-0.997355593922881
1:2 - a figure eight,-0.6866652198742431,-0.9983752200356156
1:2 - a figure eight,-0.6923607142281646,-0.9991478950225486
1:2 - a figure eight,-0.6980133935417702,-0.9996734277601886
1:2 - a figure eight,-0.7036229082578306,-0.9999516882564257
1:2 - a figure eight,-0.7091889114883816,-0.9999826076826857
1:2 - a figure eight,-0.7147110590361748,-0.9997661783909552
1:2 - a figure eight,-0.7201890094159626,-0.9993024539156731
1:2 - a figure eight,-0.7256224238756154,-0.9985915489604889
1:2 - a figure eight,-0.7310109664170701,-0.9976336393698901
1:2 - a figure eight,-0.7363543038171072,-0.9964289620857071
1:2 - a figure eight,-0.7416521056479576,-0.994977815088504
1:2 - a figure eight,-0.7469040442977357,-0.9932805573238733
1:2 - a figure eight,-0.752109794990699,-0.991337608613649
1:2 - a figure eight,-0.7572690358073323,-0.9891494495520617
1:2 - a figure eight,-0.7623814477042534,-0.9867166213868642
1:2 - a figure eight,-0.767446714533945,-0.9840397258854502
1:2 - a figure eight,-0.772464523064302,-0.9811194251860063
1:2 - a figure eight,-0.7774345629980035,-0.9779564416337297
1:2 - a figure eight,-0.7823565269917014,-0.974551557602155
1:2 - a figure eight,-0.787230110675026,-0.9709056152996295
1:2 - a figure eight,-0.7920550126694078,-0.9670195165609929
1:2 - a figure eight,-0.7968309346067136,-0.9628942226245044
1:2 - a figure eight,-0.8015575811476983,-0.9585307538940777
1:2 - a figure eight,-0.8062346600002696,-0.9539301896868814
1:2 - a figure eight,-0.8108618819375613,-0.9490936679663653
1:2 - a figure eight,-0.81543896081582,-0.9440223850607838
1:2 - a figure eight,-0.8199656135920986,-0.9387175953672792
1:2 - a figure eight,-0.8244415603417603,-0.9331806110416025
1:2 - a figure eight,-0.82886652427579,-0.9274128016735488
1:2 - a figure eight,-0.8332402317579092,-0.9214155939481844
1:2 - a figure eight,-0.8375624123214982,-0.9151904712929514
1:2 - a figure eight,-0.8418327986863209,-0.908738973510739
1:2 - a figure eight,-0.8460511267750529,-0.9020626963990072
1:2 - a figure eight,-0.850217135729614,-0.8951632913550622
1:2 - a figure eight,-0.8543305679272972,-0.8880424649675785
1:2 - a figure eight,-0.8583911689967012,-0.8807019785944675
1:2 - a figure eight,-0.8623986878334593,-0.8731436479272024
1:2 - a figure eight,-0.8663528766157679,-0.8653693425417001
1:2 - a figure eight,-0.8702534908197127,-0.8573809854358764
1:2 - a figure eight,-0.8741002892343891,-0.849180552553987
1:2 - a figure eight,-0.8778930339768183,-0.8407700722978697
1:2 - a figure eight,-0.8816314905066575,-0.8321516250252166
1:2 - a figure eight,-0.885315427640704,-0.8233273425349883
1:2 - a figure eight,-0.8889446175671923,-0.8142994075401084
1:2 - a figure eight,-0.8925188358598812,-0.8050700531275627
1:2 - a figure eight,-0.8960378614919305,-0.7956415622060385
1:2 - a figure eight,-0.8995014768495725,-0.7860162669412387
1:2 - a figure eight,-0.9029094677455651,-0.7761965481790161
1:2 - a figure eight,-0.9062616234324408,-0.7661848348564624
1:2 - a figure eight,-0.9095577366155367,-0.7559836034011036
1:2 - a figure eight,-0.9127976034658136,-0.7455953771183491
1:2 - a figure eight,-0.9159810236324623,-0.7350227255673413
1:2 - a figure eight,-0.9191078002552906,-0.7242682639253717
1:2 - a figure eight,-0.9221777399768994,-0.7133346523410063
1:2 - a figure eight,-0.9251906529546388,-0.7022245952760905
1:2 - a figure eight,-0.9281463528723469,-0.6909408408367917
1:2 - a figure eight,-0.9310446569518727,-0.6794861800938489
1:2 - a figure eight,-0.9338853859643785,-0.6678634463921885
1:2 - a figure eight,-0.9366683642414239,-0.6560755146500937
1:2 - a figure eight,-0.9393934196858278,-0.6441253006480806
1:2 - a figure eight,-0.9420603837823114,-0.6320157603076728
1:2 - a figure eight,-0.9446690916079189,-0.6197498889602453
1:2 - a figure eight,-0.9472193818422167,-0.6073307206061178
1:2 - a figure eight,-0.9497110967772688,-0.5947613271640898
1:2 - a figure eight,-0.95214408232739,-0.5820448177115891
1:2 - a figure eight,-0.954518188038673,-0.569184337715633
1:2 - a figure eight,-0.9568332670982934,-0.5561830682547877
1:2 - a figure eight,-0.9590891763435891,-0.5430442252323192
1:2 - a figure eight,-0.961285776270912,-0.5297710585807275
1:2 - a figure eight,-0.9634229310442562,-0.5163668514578699
1:2 - a figure eight,-0.9655005085036561,-0.5028349194348594
1:2 - a figure eight,-0.9675183801733608,-0.48917860967594873
1:2 - a figure eight,-0.9694764212697782,-0.4754013001106001
1:2 - a figure eight,-0.971374510709192,-0.4615063985979409
1:2 - a figure eight,-0.973212531115249,-0.4474973420838241
1:2 - a figure eight,-0.974990368826217,-0.43337759575068624
1:2 - a figure eight,-0.9767079139020146,-0.4191506521604249
1:2 - a figure eight,-0.9783650601310097,-0.40482003039050307
1:2 - a figure eight,-0.9799617050365866,-0.3903892751634952
1:2 - a figure eight,-0.9814977498834846,-0.37586195597028643
1:2 - a figure eight,-0.9829730996839019,-0.36124166618715303
1:2 - a figure eight,-0.9843876632033706,-0.3465320221869266
1:2 - a figure eight,-0.985741352966399,-0.33173666244447414
1:2 - a figure eight,-0.9870340852618801,-0.31685924663671133
1:2 - a figure eight,-0.9882657801482688,-0.30190345473736685
1:2 - a figure eight,-0.9894363614585251,-0.28687298610673473
1:2 - a figure eight,-0.9905457568048242,-0.27177155857662333
1:2 - a figure eight,-0.991593897583033,-0.256602907530739
1:2 - a figure eight,-0.9925807189769531,-0.24137078498072775
1:2 - a figure eight,-0.9935061599623278,-0.22607895863810473
1:2 - a figure eight,-0.9943701633106169,-0.21073121098229586
1:2 - a figure eight,-0.9951726755925349,-0.19533133832503538
1:2 - a figure eight,-0.9959136471813553,-0.17988314987133316
1:2 - a figure eight,-0.9965930322559801,-0.16439046677725727
1:2 - a figure eight,-0.9972107888037718,-0.14885712120476033
1:2 - a figure eight,-0.9977668786231532,-0.13328695537377913
1:2 - a figure eight,-0.9982612673259684,-0.11768382061185527
1:2 - a figure eight,-0.9986939243396102,-0.10205157640149408
1:2 - a figure eight,-0.9990648229089103,-0.08639408942551087
1:2 - a figure eight,-0.9993739400977936,-0.07071523261059617
1:2 - a figure eight,-0.9996212567906971,-0.05501888416933205
1:2 - a figure eight,-0.9998067576937518,-0.03930892664090981
1:2 - a figure eight,-0.999930431335728,-0.0235892459307687
1:2 - a figure eight,-0.9999922700687454,-0.007863730349406316
1:2 - a figure eight,-0.9999922700687454,0.007863730349406715
1:2 - a figure eight,-0.999930431335728,0.02358924593076821
1:2 - a figure eight,-0.9998067576937518,0.03930892664090932
1:2 - a figure eight,-0.9996212567906971,0.05501888416933156
1:2 - a figure eight,-0.9993739400977936,0.07071523261059569
1:2 - a figure eight,-0.9990648229089102,0.08639408942551127
1:2 - a figure eight,-0.9986939243396102,0.1020515764014936
1:2 - a figure eight,-0.9982612673259684,0.11768382061185478
1:2 - a figure eight,-0.9977668786231532,0.13328695537377866
1:2 - a figure eight,-0.9972107888037718,0.14885712120475986
1:2 - a figure eight,-0.9965930322559801,0.1643904667772577
1:2 - a figure eight,-0.9959136471813554,0.17988314987133355
1:2 - a figure eight,-0.9951726755925349,0.1953313383250349
1:2 - a figure eight,-0.994370163310617,0.21073121098229539
1:2 - a figure eight,-0.9935061599623278,0.22607895863810426
1:2 - a figure eight,-0.9925807189769531,0.24137078498072814
1:2 - a figure eight,-0.9915938975830331,0.2566029075307394
1:2 - a figure eight,-0.9905457568048242,0.27177155857662283
1:2 - a figure eight,-0.9894363614585252,0.2868729861067343
1:2 - a figure eight,-0.9882657801482689,0.30190345473736635
1:2 - a figure eight,-0.9870340852618802,0.3168592466367109
1:2 - a figure eight,-0.985741352966399,0.33173666244447453
1:2 - a figure eight,-0.9843876632033707,0.34653202218692697
1:2 - a figure eight,-0.9829730996839019,0.36124166618715253
1:2 - a figure eight,-0.9814977498834847,0.375861955970286
1:2 - a figure eight,-0.9799617050365867,0.39038927516349475
1:2 - a figure eight,-0.9783650601310098,0.4048200303905034
1:2 - a figure eight,-0.9767079139020147,0.4191506521604253
1:2 - a figure eight,-0.9749903688262171,0.4333775957506858
1:2 - a figure eight,-0.9732125311152491,0.44749734208382363
1:2 - a figure eight,-0.9713745107091921,0.46150639859794046
1:2 - a figure eight,-0.9694764212697783,0.47540130011059967
1:2 - a figure eight,-0.9675183801733609,0.48917860967594906
1:2 - a figure eight,-0.965500508503656,0.5028349194348597
1:2 - a figure eight,-0.9634229310442564,0.5163668514578694
1:2 - a figure eight,-0.9612857762709122,0.529771058580727
1:2 - a figure eight,-0.9590891763435893,0.5430442252323188
1:2 - a figure eight,-0.9568332670982935,0.556183068254788
1:2 - a figure eight,-0.9545181880386728,0.5691843377156334
1:2 - a figure eight,-0.9521440823273901,0.5820448177115887
1:2 - a figure eight,-0.949711096777269,0.5947613271640894
1:2 - a figure eight,-0.9472193818422168,0.6073307206061175
1:2 - a figure eight,-0.944669091607919,0.6197498889602449
1:2 - a figure eight,-0.9420603837823113,0.6320157603076731
1:2 - a figure eight,-0.9393934196858279,0.6441253006480803
1:2 - a figure eight,-0.936668364241424,0.6560755146500933
1:2 - a figure eight,-0.9338853859643786,0.6678634463921882
1:2 - a figure eight,-0.9310446569518728,0.6794861800938484
1:2 - a figure eight,-0.9281463528723468,0.6909408408367921
1:2 - a figure eight,-0.9251906529546386,0.7022245952760907
1:2 - a figure eight,-0.9221777399768996,0.713334652341006
1:2 - a figure eight,-0.9191078002552907,0.7242682639253714
1:2 - a figure eight,-0.9159810236324625,0.7350227255673409
1:2 - a figure eight,-0.9127976034658137,0.7455953771183487
1:2 - a figure eight,-0.9095577366155365,0.7559836034011039
1:2 - a figure eight,-0.9062616234324409,0.766184834856462
1:2 - a figure eight,-0.9029094677455654,0.7761965481790157
1:2 - a figure eight,-0.8995014768495727,0.7860162669412384
1:2 - a figure eight,-0.8960378614919308,0.7956415622060383
1:2 - a figure eight,-0.892518835859881,0.805070053127563
1:2 - a figure eight,-0.8889446175671926,0.8142994075401087
1:2 - a figure eight,-0.8853154276407041,0.823327342534988
1:2 - a figure eight,-0.8816314905066577,0.8321516250252163
1:2 - a figure eight,-0.8778930339768185,0.8407700722978695
1:2 - a figure eight,-0.8741002892343892,0.8491805525539866
1:2 - a figure eight,-0.8702534908197129,0.8573809854358766
1:2 - a figure eight,-0.866352876615768,0.8653693425416998
1:2 - a figure eight,-0.8623986878334595,0.8731436479272022
1:2 - a figure eight,-0.8583911689967014,0.8807019785944673
1:2 - a figure eight,-0.8543305679272973,0.8880424649675783
1:2 - a figure eight,-0.8502171357296141,0.8951632913550623
1:2 - a figure eight,-0.8460511267750531,0.9020626963990073
1:2 - a figure eight,-0.8418327986863211,0.9087389735107387
1:2 - a figure eight,-0.8375624123214984,0.9151904712929512
1:2 - a figure eight,-0.8332402317579093,0.9214155939481842
1:2 - a figure eight,-0.8288665242757902,0.9274128016735489
1:2 - a figure eight,-0.8244415603417605,0.9331806110416027
1:2 - a figure eight,-0.8199656135920989,0.9387175953672791
1:2 - a figure eight,-0.8154389608158202,0.9440223850607837
1:2 - a figure eight,-0.8108618819375615,0.9490936679663652
1:2 - a figure eight,-0.8062346600002698,0.9539301896868813
1:2 - a figure eight,-0.8015575811476985,0.9585307538940778
1:2 - a figure eight,-0.7968309346067133,0.9628942226245045
1:2 - a figure eight,-0.792055012669408,0.9670195165609928
1:2 - a figure eight,-0.7872301106750262,0.9709056152996294
1:2 - a figure eight,-0.7823565269917018,0.9745515576021548
1:2 - a figure eight,-0.7774345629980037,0.9779564416337299
1:2 - a figure eight,-0.7724645230643017,0.9811194251860064
1:2 - a figure eight,-0.7674467145339452,0.9840397258854501
1:2 - a figure eight,-0.7623814477042536,0.9867166213868642
1:2 - a figure eight,-0.7572690358073325,0.9891494495520617
1:2 - a figure eight,-0.7521097949906995,0.9913376086136488
1:2 - a figure eight,-0.7469040442977357,0.9932805573238734
1:2 - a figure eight,-0.7416521056479578,0.994977815088504
1:2 - a figure eight,-0.7363543038171072,0.9964289620857071
1:2 - a figure eight,-0.7310109664170704,0.9976336393698901
1:2 - a figure eight,-0.7256224238756159,0.9985915489604889
1:2 - a figure eight,-0.7201890094159626,0.9993024539156731
1:2 - a figure eight,-0.7147110590361745,0.9997661783909552
1:2 - a figure eight,-0.7091889114883816,0.9999826076826857
1:2 - a figure eight,-0.7036229082578309,0.9999516882564257
1:2 - a figure eight,-0.6980133935417707,0.9996734277601886
1:2 - a figure eight,-0.6923607142281648,0.9991478950225487
1:2 - a figure eight,-0.6866652198742428,0.9983752200356156
1:2 - a figure eight,-0.6809272626848825,0.997355593922881
1:2 - a figure eight,-0.6751471974908289,0.9960892688919429
1:2 - a figure eight,-0.669325381726753,0.9945765581721223
1:2 - a figure eight,-0.6634621754091483,0.992817835936984
1:2 - a figure eight,-0.6575579411140677,0.9908135372117844
1:2 - a figure eight,-0.6516130439547028,0.9885641577658661
1:2 - a figure eight,-0.6456278515588026,0.9860702539900286
1:2 - a figure eight,-0.6396027340459424,0.9833324427589019
1:2 - a figure eight,-0.6335380640046365,0.980351401278363
1:2 - a figure eight,-0.6274342164692952,0.9771278669180246
1:2 - a figure eight,-0.6212915688970333,0.9736626370288455
1:2 - a figure eight,-0.6151105011443317,0.9699565687459047
1:2 - a figure eight,-0.6088913954435424,0.9660105787763836
1:2 - a figure eight,-0.6026346363792565,0.9618256431728192
1:2 - a figure eight,-0.5963406108645175,0.957402797091671
1:2 - a figure eight,-0.5900097081168966,0.9527431345372739
1:2 - a figure eight,-0.5836423196344263,0.9478478080912341
1:2 - a figure eight,-0.5772388391713852,0.9427180286273311
1:2 - a figure eight,-0.5707996627139545,0.9373550650120084
1:2 - a figure eight,-0.5643251884557254,0.9317602437905119
1:2 - a figure eight,-0.557815816773077,0.9259349488587669
1:2 - a figure eight,-0.5512719502004199,0.9198806211210686
1:2 - a figure eight,-0.5446939934052986,0.9135987581336656
1:2 - a figure eight,-0.5380823531633728,0.9070909137343409
1:2 - a figure eight,-0.5314374383332576,0.900358697658059
1:2 - a figure eight,-0.5247596598312446,0.8934037751387994
1:2 - a figure eight,-0.5180494306058873,0.8862278664976507
1:2 - a figure eight,-0.5113071656124658,0.8788327467172858
1:2 - a figure eight,-0.5045332817873296,0.8712202450029176
1:2 - a figure eight,-0.4977281980221084,0.8633922443298334
1:2 - a figure eight,-0.4908923351378148,0.8553506809776423
1:2 - a figure eight,-0.4840261158588155,0.8470975440513244
1:2 - a figure eight,-0.47712996478669273,0.8386348749892222
1:2 - a figure eight,-0.47020430837398947,0.8299647670580875
1:2 - a figure eight,-0.4632495748978326,0.8210893648352994
1:2 - a figure eight,-0.4562661944334548,0.8120108636784035
1:2 - a figure eight,-0.44925459882759344,0.8027315091820774
1:2 - a figure eight,-0.4422152216717881,0.7932535966226786
1:2 - a figure eight,-0.43514849827556984,0.7835794703905045
1:2 - a figure eight,-0.4280548656395365,0.7737115234098926
1:2 - a figure eight,-0.42093476242833516,0.7636521965473322
1:2 - a figure eight,-0.4137886289435301,0.7534039780077013
1:2 - a figure eight,-0.40661690709637704,0.7429694027188043
1:2 - a figure eight,-0.39942004038049844,0.7323510517043541
1:2 - a figure eight,-0.3921984738444523,0.7215515514455396
1:2 - a figure eight,-0.38495265406421714,0.7105735732313668
1:2 - a figure eight,-0.37768302911556983,0.6994198324978987
1:2 - a figure eight,-0.3703900485463834,0.6880930881565928
1:2 - a figure eight,-0.3630741633488214,0.6765961419118676
1:2 - a figure eight,-0.3557358259314517,0.6649318375680967
1:2 - a figure eight,-0.348375490091272,0.6531030603261888
1:2 - a figure eight,-0.340993610985642,0.6411127360699154
1:2 - a figure eight,-0.3335906451041431,0.6289638306421949
1:2 - a figure eight,-0.326167050240344,0.6166593491114737
1:2 - a figure eight,-0.3187232854634931,0.604202335028417
1:2 - a figure eight,-0.311259811090133,0.5915958696730818
1:2 - a figure eight,-0.3037770886556289,0.5788430712927424
1:2 - a figure eight,-0.2962755808856341,0.5659470943305953
1:2 - a figure eight,-0.28875575166746986,0.5529111286454867
1:2 - a figure eight,-0.28121806602144117,0.5397383987228966
1:2 - a figure eight,-0.27366299007208317,0.5264321628773563
1:2 - a figure eight,-0.2660909910193301,0.5129957124464843
1:2 - a figure eight,-0.258502537109631,0.4994323709768764
1:2 - a figure eight,-0.2508980976069878,0.48574549340200535
1:2 - a figure eight,-0.24327814276393867,0.4719384652123724
1:2 - a figure eight,-0.23564314379248102,0.45801470161810115
1:2 - a figure eight,-0.2279935728349257,0.44397764670416373
1:2 - a figure eight,-0.2203299029347072,0.4298307725784886
1:2 - a figure eight,-0.21265260800712485,0.4155775785131132
1:2 - a figure eight,-0.20496216281003896,0.4012215900786331
1:2 - a figure eight,-0.1972590429145147,0.38676635827214634
1:2 - a figure eight,-0.18954372467540723,0.37221545863889227
1:2 - a figure eight,-0.18181668520191094,0.35757249038784267
1:2 - a figure eight,-0.17407840232804878,0.34284107550141335
1:2 - a figure eight,-0.1663293545831301,0.32802485783956914
1:2 - a figure eight,-0.15857002116215288,0.31312750223849256
1:2 - a figure eight,-0.15080088189617308,0.29815269360408025
1:2 - a figure eight,-0.14302241722263503,0.28310413600047585
1:2 - a figure eight,-0.13523510815565543,0.26798555173384625
1:2 - a figure eight,-0.12743943625628476,0.25280068043167186
1:2 - a figure eight,-0.11963588360272188,0.2375532781177264
1:2 - a figure eight,-0.11182493276050524,0.22224711628301808
1:2 - a figure eight,-0.10400706675267407,0.20688598095290536
1:2 - a figure eight,-0.09618276902989245,0.19147367175059976
1:2 - a figure eight,-0.08835252344056023,0.17601400095733163
1:2 - a figure eight,-0.08051681420088591,0.16051079256935868
1:2 - a figure eight,-0.07267612586494585,0.14496788135209412
1:2 - a figure eight,-0.06483094329472247,0.12938911189157112
1:2 - a figure eight,-0.056981751630114506,0.11377833764346063
1:2 - a figure eight,-0.049129036258943506,0.09813941997992148
1:2 - a figure eight,-0.041273282786931584,0.08247622723446606
1:2 - a figure eight,-0.03341497700767461,0.06679263374512151
1:2 - a figure eight,-0.02555460487260377,0.051092518896105936
1:2 - a figure eight,-0.01769265246092853,0.03537976615823856
1:2 - a figure eight,-0.009829605949584968,0.019658262128365668
1:2 - a figure eight,-0.001965951583163857,0.003931895567984956
1:2 - a figure eight,0.005897824356151192,-0.011795443558637174
1:2 - a figure eight,0.013761235578661263,-0.02751986504667245
1:2 - a figure eight,0.021623795817221236,-0.04323747941297931
1:2 - a figure eight,0.029485018857307508,-0.058944398858173
1:2 - a figure eight,0.03734441856709132,-0.07463673822829689
1:2 - a figure eight,0.045201508927493673,-0.09031061597581283
1:2 - a figure eight,0.05305580406224658,-0.10596215511972615
1:2 - a figure eight,0.06090681826793659,-0.1215874842045632
1:2 - a figure eight,0.06875406604403766,-0.1371827382579823
1:2 - a figure eight,0.07659706212294036,-0.1527440597467987
1:2 - a figure eight,0.08443532149995324,-0.16826759953114293
1:2 - a figure eight,0.09226835946330149,-0.18374951781656945
1:2 - a figure eight,0.10009569162409836,-0.19918598510383625
1:2 - a figure eight,0.1079168339462968,-0.21457318313613769
1:2 - a figure eight,0.115731302776628,-0.2299073058435741
1:2 - a figure eight,0.12353861487450311,-0.2451845602845808
1:2 - a figure eight,0.13133828744190265,-0.26040116758413573
1:2 - a figure eight,0.13912983815322957,-0.27555336386847035
1:2 - a figure eight,0.14691278518513348,-0.2906374011960703
1:2 - a figure eight,0.15468664724631218,-0.30564954848475157
1:2 - a figure eight,0.16245094360726736,-0.32058609243454184
1:2 - a figure eight,0.1702051941300388,-0.33544333844618796
1:2 - a figure eight,0.17794891929789283,-0.35021761153502123
1:2 - a figure eight,0.18568164024497294,-0.364905257239971
1:2 - a figure eight,0.1934028787859184,-0.3795026425275183
1:2 - a figure eight,0.2011121574454279,-0.3940061566903244
1:2 - a figure eight,0.20880899948779325,-0.40841221224036334
1:2 - a figure eight,0.21649292894637343,-0.42271724579628467
1:2 - a figure eight,0.22416347065303394,-0.43691771896483844
1:2 - a figure eight,0.23182015026752834,-0.45101011921610207
1:2 - a figure eight,0.23946249430682842,-0.46499096075231067
1:2 - a figure eight,0.24709003017441014,-0.47885678537009085
1:2 - a figure eight,0.25470228618947155,-0.49260416331584506
1:2 - a figure eight,0.2622987916161075,-0.5062296941341224
1:2 - a figure eight,0.2698790766924165,-0.519730007508727
1:2 - a figure eight,0.2774426726595485,-0.5331017640963711
1:2 - a figure eight,0.28498911179069797,-0.5463416563526827
1:2 - a figure eight,0.29251792742002125,-0.5594464093503244
1:2 - a figure eight,0.3000286539715007,-0.5724127815890667
1:2 - a figure eight,0.3075208269877329,-0.5852375657975792
1:2 - a figure eight,0.314993983158648,-0.5979175897267537
1:2 - a figure eight,0.32244766035016625,-0.6104497169343799
1:2 - a figure eight,0.32988139763276897,-0.622830847560943
1:2 - a figure eight,0.3372947353100086,-0.6350579190963922
1:2 - a figure eight,0.3446872149469329,-0.6471279071376587
1:2 - a figure eight,0.35205837939843176,-0.6590378261367459
1:2 - a figure eight,0.35940777283751296,-0.6707847301392237
1:2 - a figure eight,0.3667349407834829,-0.6823657135129084
1:2 - a figure eight,0.3740394301300584,-0.6937779116665903
1:2 - a figure eight,0.38132078917337975,-0.7050185017585882
1:2 - a figure eight,0.38857856763994914,-0.7160847033949971
1:2 - a figure eight,0.39581231671447326,-0.7269737793174232
1:2 - a figure eight,0.4030215890676149,-0.7376830360800495
1:2 - a figure eight,0.41020593888366136,-0.7482098247158756
1:2 - a figure eight,0.41736492188808644,-0.7585515413919389
1:2 - a figure eight,0.42449809537503036,-0.7687056280533885
1:2 - a figure eight,0.4316050182346733,-0.7786695730562241
1:2 - a figure eight,0.4386852509805111,-0.7884409117885556
1:2 - a figure eight,0.4457383557765385,-0.7980172272802398
1:2 - a figure eight,0.4527638964643179,-0.8073961508007171
1:2 - a figure eight,0.4597614385899571,-0.8165753624449311
1:2 - a figure eight,0.4667305494309726,-0.8255525917071611
1:2 - a figure eight,0.47367079802304674,-0.8343256180426355
1:2 - a figure eight,0.48058175518668395,-0.8428922714167973
1:2 - a figure eight,0.4874629935537441,-0.851250432842061
1:2 - a figure eight,0.49431408759387646,-0.8593980349019571
1:2 - a figure eight,0.5011346136408317,-0.867333062262511
1:2 - a figure eight,0.5079241499186588,-0.8750535521707391
1:2 - a figure eight,0.5146822765677924,-0.8825575949401483
1:2 - a figure eight,0.5214085756710111,-0.8898433344230954
1:2 - a figure eight,0.5281026312792859,-0.896908968469917
1:2 - a figure eight,0.5347640294375002,-0.9037527493746939
1:2 - a figure eight,0.541392358210046,-0.9103729843075493
1:2 - a figure eight,0.5479872077063032,-0.9167680357333808
1:2 - a figure eight,0.5545481701059803,-0.9229363218169035
1:2 - a figure eight,0.5610748396843407,-0.9288763168139277
1:2 - a figure eight,0.5675668128372853,-0.9345865514487504
1:2 - a figure eight,0.5740236881063171,-0.9400656132775903
1:2 - a figure eight,0.5804450662033646,-0.9453121470379577
1:2 - a figure eight,0.5868305500354709,-0.9503248549838811
1:2 - a figure eight,0.5931797447293554,-0.9551024972069126
1:2 - a figure eight,0.599492257655826,-0.9596438919428186
1:2 - a figure eight,0.6057676984540644,-0.9639479158638968
1:2 - a figure eight,0.6120056790557636,-0.9680135043568322
1:2 - a figure eight,0.6182058137091233,-0.971839651786032
1:2 - a figure eight,0.6243677190027097,-0.9754254117423755
1:2 - a figure eight,0.6304910138891595,-0.9787698972773075
1:2 - a figure eight,0.6365753197087488,-0.9818722811222308
1:2 - a figure eight,0.6426202602128067,-0.9847317958931324
1:2 - a figure eight,0.6486254615869804,-0.9873477342803975
1:2 - a figure eight,0.6545905524743562,-0.989719449223766
1:2 - a figure eight,0.6605151639984184,-0.9918463540723836
1:2 - a figure eight,0.6663989297858655,-0.9937279227299132
1:2 - a figure eight,0.6722414859892638,-0.9953636897846647
1:2 - a figure eight,0.6780424713095463,-0.9967532506247171
1:2 - a figure eight,0.6838015270183586,-0.997896261538
1:2 - a figure eight,0.6895182969802383,-0.9987924397973121
1:2 - a figure eight,0.6951924276746424,-0.9994415637302546
1:2 - a figure eight,0.7008235682178044,-0.9998434727740622
1:2 - a figure eight,0.7064113703844365,-0.9999980675153191
1:2 - a figure eight,0.7119554886292618,-0.9999053097145492
1:2 - a figure eight,0.7174555801083811,-0.9995652223156747
1:2 - a figure eight,0.7229113047004778,-0.9989778894403407
1:2 - a figure eight,0.7283223250278466,-0.9981434563671079
1:2 - a figure eight,0.7336883064772599,-0.9970621294955168
1:2 - a figure eight,0.7390089172206591,-0.9957341762950345
1:2 - a figure eight,0.7442838282356726,-0.9941599252388961
1:2 - a figure eight,0.7495127133259661,-0.9923397657228541
1:2 - a figure eight,0.7546952491414098,-0.9902741479688623
1:2 - a figure eight,0.7598311151980784,-0.9879635829137101
1:2 - a figure eight,0.7649199938980675,-0.9854086420826416
1:2 - a figure eight,0.7699615705491322,-0.9826099574479878
1:2 - a figure eight,0.7749555333841511,-0.9795682212728448
1:2 - a figure eight,0.7799015735804016,-0.9762841859398423
1:2 - a figure eight,0.7847993852786607,-0.9727586637650374
1:2 - a figure eight,0.7896486656021175,-0.9689925267969868
1:2 - a figure eight,0.7944491146751022,-0.9649867066010442
1:2 - a figure eight,0.7992004356416321,-0.9607421940289321
1:2 - a figure eight,0.8039023346837665,-0.9562600389736545
1:2 - a figure eight,0.8085545210397787,-0.9515413501098002
1:2 - a figure eight,0.8131567070221354,-0.9465872946193098
1:2 - a figure eight,0.8177086080352856,-0.9413990979027712
1:2 - a figure eight,0.8222099425932626,-0.9359780432763096
1:2 - a figure eight,0.826660432337088,-0.9303254716541601
1:2 - a figure eight,0.8310598020519884,-0.9244427812169829
1:2 - a figure eight,0.8354077796844105,-0.9183314270660248
1:2 - a figure eight,0.8397040963588484,-0.9119929208631911
1:2 - a figure eight,0.8439484863944691,-0.9054288304571326
1:2 - a figure eight,0.8481406873215407,-0.8986407794954367
1:2 - a figure eight,0.8522804398976661,-0.8916304470230073
1:2 - a figure eight,0.8563674881238114,-0.8843995670667544
1:2 - a figure eight,0.860401579260139,-0.876949928206672
1:2 - a figure eight,0.8643824638416368,-0.8692833731334293
1:2 - a figure eight,0.8683098956935417,-0.8614017981925787
1:2 - a figure eight,0.8721836319465677,-0.8533071529154826
1:2 - a figure eight,0.8760034330519202,-0.8450014395370984
1:2 - a figure eight,0.879769062796113,-0.8364867125007127
1:2 - a figure eight,0.8834802883155742,-0.8277650779497717
1:2 - a figure eight,0.8871368801110449,-0.8188386932069233
1:2 - a figure eight,0.8907386120617741,-0.8097097662403894
1:2 - a figure eight,0.8942852614394989,-0.800380555117827
1:2 - a figure eight,0.8977766089222203,-0.7908533674477808
1:2 - a figure eight,0.9012124386077651,-0.7811305598088923
1:2 - a figure eight,0.9045925380271354,-0.7712145371669963
1:2 - a figure eight,0.9079166981576506,-0.7611077522802379
1:2 - a figure eight,0.9111847134358703,-0.7508127050923837
1:2 - a figure eight,0.9143963817703087,-0.7403319421144449
1:2 - a figure eight,0.9175515045539292,-0.7296680557947984
1:2 - a figure eight,0.9206498866764286,-0.7188236838779299
1:2 - a figure eight,0.9236913365363012,-0.7078015087519819
1:2 - a figure eight,0.9266756660526867,-0.6966042567852615
1:2 - a figure eight,0.9296026906770029,-0.6852346976518565
1:2 - a figure eight,0.9324722294043557,-0.6736956436465573
1:2 - a figure eight,0.9352841047847348,-0.6619899489892194
1:2 - a figure eight,0.938038142933985,-0.6501205091187663
1:2 - a figure eight,0.9407341735445598,-0.6380902599769988
1:2 - a figure eight,0.9433720298960537,-0.6259021772823712
1:2 - a figure eight,0.9459515488655107,-0.6135592757939491
1:2 - a figure eight,0.948472570937513,-0.6010646085656903
1:2 - a figure eight,0.9509349402140451,-0.5884212661912667
1:2 - a figure eight,0.953338504424133,-0.5756323760396005
1:2 - a figure eight,0.9556831149332629,-0.5627011014812909
1:2 - a figure eight,0.9579686267525702,-0.5496306411061557
1:2 - a figure eight,0.9601948985478075,-0.5364242279320403
1:2 - a figure eight,0.9623617926480835,-0.5230851286051258
1:2 - a figure eight,0.9644691750543765,-0.5096166425919181
1:2 - a figure eight,0.9665169154478214,-0.49602210136310476
1:2 - a figure eight,0.9685048871977673,-0.4823048675695179
1:2 - a figure eight,0.9704329673696104,-0.46846833421035966
1:2 - a figure eight,0.9723010367323934,-0.45451592379394634
1:2 - a figure eight,0.974108979766181,-0.4404510874911297
1:2 - a figure eight,0.9758566846692027,-0.42627730428164384
1:2 - a figure eight,0.9775440433647657,-0.4119980800935741
1:2 - a figure eight,0.9791709515079401,-0.3976169469361439
1:2 - a figure eight,0.9807373084920092,-0.3831374620260745
1:2 - a figure eight,0.9822430174546934,-0.36856320690768535
1:2 - a figure eight,0.9836879852841385,-0.35389778656699294
1:2 - a figure eight,0.9850721226246736,-0.33914482854001193
1:2 - a figure eight,0.9863953438823378,-0.32430798201546146
1:2 - a figure eight,0.9876575672301724,-0.3093909169321404
1:2 - a figure eight,0.9888587146132815,-0.2943973230711455
1:2 - a figure eight,0.9899987117536587,-0.2793309091431977
1:2 - a figure eight,0.99107748815478,-0.2641954018712866
1:2 - a figure eight,0.9920949771059643,-0.2489945450688421
1:2 - a figure eight,0.9930511156864971,-0.23373209871370493
1:2 - a figure eight,0.9939458447695233,-0.21841183801807232
1:2 - a figure eight,0.9947791090257022,-0.20303755249469332
1:2 - a figure eight,0.9955508569266297,-0.18761304501952644
1:2 - a figure eight,0.9962610407480245,-0.17214213089107472
1:2 - a figure eight,0.9969096165726792,-0.15662863688667394
1:2 - a figure eight,0.9974965442931766,-0.14107640031591567
1:2 - a figure eight,0.9980217876143698,-0.12548926807148214
1:2 - a figure eight,0.9984853140556258,-0.10987109567761122
1:2 - a figure eight,0.9988870949528355,-0.09422574633640836
1:2 - a figure eight,0.9992271054601849,-0.07855708997228612
1:2 - a figure eight,0.9995053245516928,-0.0628690022747125
1:2 - a figure eight,0.99972173502251,-0.04716536373956154
1:2 - a figure eight,0.9998763234899837,-0.03145005870924866
1:2 - a figure eight,0.999969080394485,-0.015726974411932073
1:2 - a figure eight,1.0,-4.898587196589413e-16
3:2,1.0,0.0
3:2,0.99972173502251,0.015726974411932305
3:2,0.9988870949528355,0.031450058709247844
3:2,0.9974965442931767,0.04716536373956145
3:2,0.9955508569266297,0.06286900227471312
3:2,0.9930511156864972,0.0785570899722857
3:2,0.9899987117536587,0.09422574633640868
3:2,0.9863953438823377,0.10987109567761048
3:2,0.9822430174546936,0.12548926807148214
3:2,0.9775440433647659,0.14107640031591462
3:2,0.9723010367323934,0.1566286368866736
3:2,0.9665169154478213,0.17214213089107508
3:2,0.9601948985478076,0.1876130450195258
3:2,0.9533385044241331,0.20303755249469338
3:2,0.9459515488655108,0.21841183801807135
3:2,0.938038142933985,0.23373209871370465
3:2,0.9296026906770029,0.24899454506884255
3:2,0.9206498866764288,0.264195401871286
3:2,0.9111847134358705,0.27933090914319786
3:2,0.9012124386077652,0.29439732307114463
3:2,0.8907386120617741,0.3093909169321402
3:2,0.8797690627961134,0.32430798201546196
3:2,0.8683098956935419,0.33914482854001143
3:2,0.8563674881238116,0.3538977865669931
3:2,0.8439484863944691,0.36856320690768457
3:2,0.8310598020519884,0.3831374620260744
3:2,0.8177086080352857,0.39761694693614447
3:2,0.8039023346837667,0.4119980800935737
3:2,0.7896486656021178,0.42627730428164406
3:2,0.7749555333841511,0.440451087491129
3:2,0.7598311151980787,0.45451592379394634
3:2,0.7442838282356729,0.4684683342103602
3:2,0.7283223250278468,0.4823048675695175
3:2,0.7119554886292617,0.4960221013631051
3:2,0.6951924276746424,0.5096166425919174
3:2,0.6780424713095465,0.5230851286051258
3:2,0.6605151639984186,0.5364242279320394
3:2,0.6426202602128067,0.5496306411061554
3:2,0.6243677190027097,0.5627011014812913
3:2,0.6057676984540648,0.5756323760395999
3:2,0.5868305500354712,0.5884212661912667
3:2,0.5675668128372856,0.6010646085656896
3:2,0.547987207706303,0.6135592757939489
3:2,0.5281026312792862,0.6259021772823715
3:2,0.5079241499186591,0.6380902599769983
3:2,0.4874629935537444,0.6501205091187664
3:2,0.4667305494309729,0.6619899489892186
3:2,0.44573835577653836,0.6736956436465572
3:2,0.4244980953750307,0.685234697651857
3:2,0.40302158906761526,0.6966042567852612
3:2,0.3813207891733801,0.707801508751982
3:2,0.35940777283751285,0.7188236838779294
3:2,0.337294735310009,0.7296680557947984
3:2,0.3149939831586484,0.7403319421144453
3:2,0.2925179274200216,0.7508127050923834
3:2,0.2698790766924169,0.7611077522802381
3:2,0.24709003017441006,0.7712145371669958
3:2,0.2241634706530343,0.7811305598088923
3:2,0.20111215744542826,0.7908533674477802
3:2,0.1779489192978932,0.8003805551178268
3:2,0.1546866472463121,0.8097097662403896
3:2,0.13133828744190346,0.8188386932069228
3:2,0.10791683394629716,0.8277650779497717
3:2,0.0844353214999536,0.836486712500712
3:2,0.060906818267936515,0.8450014395370983
3:2,0.037344418567091246,0.8533071529154829
3:2,0.013761235578661631,0.8614017981925784
3:2,-0.009829605949584602,0.8692833731334294
3:2,-0.03341497700767424,0.8769499282066715
3:2,-0.05698175163011458,0.8843995670667543
3:2,-0.08051681420088554,0.8916304470230075
3:2,-0.1040070667526737,0.8986407794954365
3:2,-0.1274394362562844,0.9054288304571327
3:2,-0.15080088189617272,0.9119929208631907
3:2,-0.17407840232804928,0.9183314270660248
3:2,-0.19725904291451435,0.9244427812169831
3:2,-0.22032990293470683,0.9303254716541599
3:2,-0.2432781427639383,0.9359780432763097
3:2,-0.2660909910193302,0.941399097902771
3:2,-0.2887557516674695,0.9465872946193098
3:2,-0.3112598110901327,0.9515413501097999
3:2,-0.3335906451041432,0.9562600389736544
3:2,-0.35573582593145175,0.9607421940289322
3:2,-0.3776830291155699,0.9649867066010441
3:2,-0.3994200403804981,0.9689925267969868
3:2,-0.42093476242833483,0.9727586637650372
3:2,-0.4422152216717882,0.9762841859398422
3:2,-0.4632495748978327,0.9795682212728449
3:2,-0.4840261158588148,0.9826099574479877
3:2,-0.5045332817873293,0.9854086420826416
3:2,-0.5247596598312443,0.9879635829137099
3:2,-0.5446939934052986,0.9902741479688623
3:2,-0.5643251884557248,0.9923397657228542
3:2,-0.5836423196344259,0.9941599252388961
3:2,-0.6026346363792562,0.9957341762950345
3:2,-0.621291568897033,0.9970621294955166
3:2,-0.6396027340459427,0.9981434563671079
3:2,-0.6575579411140681,0.9989778894403407
3:2,-0.6751471974908285,0.9995652223156747
3:2,-0.6923607142281646,0.9999053097145492
3:2,-0.7091889114883816,0.9999980675153191
3:2,-0.7256224238756157,0.9998434727740622
3:2,-0.7416521056479576,0.9994415637302546
3:2,-0.7572690358073323,0.9987924397973121
3:2,-0.772464523064302,0.997896261538
3:2,-0.787230110675026,0.9967532506247171
3:2,-0.8015575811476983,0.9953636897846647
3:2,-0.81543896081582,0.9937279227299133
3:2,-0.82886652427579,0.9918463540723838
3:2,-0.8418327986863209,0.989719449223766
3:2,-0.8543305679272972,0.9873477342803976
3:2,-0.8663528766157679,0.9847317958931325
3:2,-0.8778930339768183,0.981872281122231
3:2,-0.8889446175671923,0.9787698972773076
3:2,-0.8995014768495725,0.9754254117423754
3:2,-0.9095577366155367,0.9718396517860322
3:2,-0.9191078002552906,0.9680135043568322
3:2,-0.9281463528723466,0.963947915863897
3:2,-0.9366683642414239,0.9596438919428187
3:2,-0.9446690916079189,0.9551024972069124
3:2,-0.95214408232739,0.9503248549838812
3:2,-0.9590891763435891,0.9453121470379576
3:2,-0.9655005085036559,0.9400656132775906
3:2,-0.9713745107091922,0.9345865514487505
3:2,-0.9767079139020146,0.9288763168139275
3:2,-0.9814977498834846,0.9229363218169038
3:2,-0.985741352966399,0.9167680357333808
3:2,-0.9894363614585251,0.9103729843075496
3:2,-0.9925807189769531,0.9037527493746939
3:2,-0.9951726755925349,0.8969089684699173
3:2,-0.9972107888037718,0.8898433344230956
3:2,-0.9986939243396102,0.8825575949401481
3:2,-0.9996212567906971,0.8750535521707393
3:2,-0.9999922700687454,0.867333062262511
3:2,-0.9998067576937518,0.8593980349019575
3:2,-0.9990648229089103,0.8512504328420613
3:2,-0.9977668786231532,0.8428922714167971
3:2,-0.9959136471813554,0.8343256180426357
3:2,-0.9935061599623278,0.8255525917071611
3:2,-0.9905457568048242,0.8165753624449317
3:2,-0.9870340852618802,0.8073961508007171
3:2,-0.9829730996839019,0.7980172272802396
3:2,-0.9783650601310098,0.7884409117885558
3:2,-0.9732125311152491,0.7786695730562241
3:2,-0.9675183801733609,0.7687056280533892
3:2,-0.9612857762709122,0.7585515413919389
3:2,-0.9545181880386732,0.7482098247158754
3:2,-0.9472193818422168,0.7376830360800498
3:2,-0.9393934196858276,0.726973779317423
3:2,-0.9310446569518728,0.7160847033949976
3:2,-0.9221777399768996,0.7050185017585882
3:2,-0.9127976034658137,0.6937779116665896
3:2,-0.9029094677455654,0.6823657135129089
3:2,-0.892518835859881,0.6707847301392235
3:2,-0.8816314905066577,0.6590378261367467
3:2,-0.8702534908197129,0.6471279071376588
3:2,-0.8583911689967014,0.635057919096393
3:2,-0.8460511267750531,0.6228308475609433
3:2,-0.8332402317579093,0.6104497169343797
3:2,-0.8199656135920984,0.597917589726754
3:2,-0.8062346600002698,0.5852375657975792
3:2,-0.792055012669408,0.5724127815890675
3:2,-0.7774345629980032,0.5594464093503244
3:2,-0.7623814477042536,0.5463416563526824
3:2,-0.7469040442977357,0.5331017640963716
3:2,-0.7310109664170704,0.519730007508727
3:2,-0.714711059036175,0.5062296941341232
3:2,-0.69801339354177,0.4926041633158451
3:2,-0.6809272626848825,0.4788567853700905
3:2,-0.6634621754091483,0.4649909607523111
3:2,-0.6456278515588026,0.45101011921610173
3:2,-0.6274342164692952,0.43691771896483933
3:2,-0.6088913954435424,0.4227172457962847
3:2,-0.5900097081168966,0.40841221224036295
3:2,-0.5707996627139545,0.39400615669032485
3:2,-0.5512719502004199,0.379502642527518
3:2,-0.5314374383332584,0.36490525723997186
3:2,-0.5113071656124658,0.3502176115350213
3:2,-0.4908923351378148,0.33544333844618884
3:2,-0.47020430837398947,0.32058609243454234
3:2,-0.44925459882759344,0.3056495484847512
3:2,-0.4280548656395365,0.29063740119607073
3:2,-0.40661690709637704,0.2755533638684704
3:2,-0.38495265406421714,0.2604011675841366
3:2,-0.3630741633488214,0.24518456028458127
3:2,-0.34099361098564285,0.22990730584357372
3:2,-0.3187232854634931,0.21457318313613816
3:2,-0.2962755808856341,0.19918598510383628
3:2,-0.27366299007208317,0.18374951781657037
3:2,-0.2508980976069869,0.16826759953114295
3:2,-0.22799357283492658,0.1527440597467983
3:2,-0.20496216281003896,0.1371827382579828
3:2,-0.18181668520191005,0.1215874842045628
3:2,-0.15857002116215288,0.10596215511972708
3:2,-0.13523510815565543,0.09031061597581287
3:2,-0.11182493276050612,0.07463673822829649
3:2,-0.08835252344056023,0.05894439885817349
3:2,-0.06483094329472158,0.04323747941297892
3:2,-0.041273282786931584,0.027519865046673385
3:2,-0.01769265246092853,0.01179544355863722
3:2,0.005897824356151192,-0.0039318955679857985
3:2,0.029485018857307508,-0.01965826212836518
3:2,0.05305580406224747,-0.03537976615823896
3:2,0.07659706212293947,-0.051092518896105
3:2,0.10009569162409836,-0.06679263374512145
3:2,0.12353861487450311,-0.08247622723446513
3:2,0.14691278518513348,-0.098139419979921
3:2,0.17020519413003965,-0.11377833764346101
3:2,0.1934028787859184,-0.12938911189157062
3:2,0.21649292894637343,-0.14496788135209407
3:2,0.23946249430682842,-0.16051079256935777
3:2,0.2622987916161083,-0.1760140009573316
3:2,0.28498911179069797,-0.19147367175060015
3:2,0.3075208269877329,-0.20688598095290486
3:2,0.32988139763276897,-0.22224711628301805
3:2,0.35205837939843176,-0.23755327811772547
3:2,0.3740394301300584,-0.2528006804316718
3:2,0.39581231671447326,-0.26798555173384664
3:2,0.41736492188808644,-0.2831041360004754
3:2,0.4386852509805111,-0.29815269360408064
3:2,0.4597614385899571,-0.3131275022384917
3:2,0.48058175518668395,-0.3280248578395691
3:2,0.5011346136408317,-0.3428410755014137
3:2,0.5214085756710111,-0.35757249038784217
3:2,0.541392358210046,-0.3722154586388926
3:2,0.5610748396843399,-0.38676635827214545
3:2,0.5804450662033646,-0.40122159007863306
3:2,0.599492257655826,-0.41557757851311233
3:2,0.6182058137091233,-0.4298307725784882
3:2,0.6365753197087488,-0.4439776467041641
3:2,0.6545905524743562,-0.45801470161810076
3:2,0.6722414859892638,-0.47193846521237237
3:2,0.6895182969802383,-0.4857454934020045
3:2,0.7064113703844365,-0.499432370976876
3:2,0.7229113047004773,-0.5129957124464847
3:2,0.7390089172206591,-0.5264321628773558
3:2,0.7546952491414098,-0.5397383987228966
3:2,0.7699615705491322,-0.552911128645486
3:2,0.7847993852786612,-0.5659470943305952
3:2,0.7992004356416316,-0.5788430712927427
3:2,0.8131567070221354,-0.5915958696730813
3:2,0.8266604323370885,-0.6042023350284174
3:2,0.8397040963588484,-0.616659349111473
3:2,0.8522804398976661,-0.6289638306421949
3:2,0.8643824638416363,-0.6411127360699157
3:2,0.8760034330519202,-0.6531030603261885
3:2,0.8871368801110453,-0.664931837568097
3:2,0.8977766089222203,-0.6765961419118669
3:2,0.9079166981576506,-0.6880930881565926
3:2,0.9175515045539292,-0.6994198324978993
3:2,0.9266756660526867,-0.7105735732313665
3:2,0.935284104784735,-0.7215515514455398
3:2,0.9433720298960535,-0.7323510517043536
3:2,0.9509349402140451,-0.7429694027188043
3:2,0.9579686267525702,-0.7534039780077006
3:2,0.9644691750543765,-0.7636521965473319
3:2,0.9704329673696104,-0.7737115234098928
3:2,0.9758566846692027,-0.7835794703905042
3:2,0.9807373084920092,-0.7932535966226788
3:2,0.9850721226246734,-0.8027315091820766
3:2,0.9888587146132815,-0.8120108636784031
3:2,0.9920949771059643,-0.8210893648352996
3:2,0.9947791090257022,-0.8299647670580873
3:2,0.9969096165726792,-0.8386348749892224
3:2,0.9984853140556258,-0.8470975440513242
3:2,0.9995053245516928,-0.8553506809776421
3:2,0.999969080394485,-0.8633922443298336
3:2,0.9998763234899837,-0.8712202450029174
3:2,0.999227105460185,-0.8788327467172861
3:2,0.9980217876143697,-0.8862278664976505
3:2,0.9962610407480245,-0.8934037751387992
3:2,0.9939458447695233,-0.9003586976580592
3:2,0.9910774881547801,-0.9070909137343407
3:2,0.9876575672301725,-0.9135987581336658
3:2,0.9836879852841385,-0.9198806211210684
3:2,0.9791709515079399,-0.9259349488587671
3:2,0.9741089797661812,-0.9317602437905115
3:2,0.9685048871977673,-0.9373550650120082
3:2,0.9623617926480837,-0.9427180286273312
3:2,0.9556831149332629,-0.947847808091234
3:2,0.9484725709375129,-0.952743134537274
3:2,0.94073417354456,-0.9574027970916705
3:2,0.9324722294043557,-0.961825643172819
3:2,0.9236913365363014,-0.9660105787763837
3:2,0.9143963817703086,-0.9699565687459045
3:2,0.9045925380271352,-0.9736626370288456
3:2,0.8942852614394992,-0.9771278669180242
3:2,0.8834802883155741,-0.9803514012783628
3:2,0.872183631946568,-0.983332442758902
3:2,0.8604015792601394,-0.9860702539900286
3:2,0.8481406873215405,-0.9885641577658663
3:2,0.8354077796844108,-0.9908135372117844
3:2,0.8222099425932624,-0.9928178359369839
3:2,0.8085545210397795,-0.9945765581721222
3:2,0.7944491146751025,-0.9960892688919428
3:2,0.7799015735804015,-0.997355593922881
3:2,0.764919993898068,-0.9983752200356156
3:2,0.7495127133259659,-0.9991478950225486
3:2,0.7336883064772609,-0.9996734277601886
3:2,0.7174555801083815,-0.9999516882564257
3:2,0.7008235682178042,-0.9999826076826857
3:2,0.6838015270183591,-0.9997661783909552
3:2,0.6663989297858659,-0.9993024539156731
3:2,0.6486254615869815,-0.9985915489604889
3:2,0.6304910138891601,-0.9976336393698901
3:2,0.6120056790557634,-0.9964289620857071
3:2,0.5931797447293559,-0.994977815088504
3:2,0.5740236881063177,-0.9932805573238733
3:2,0.5545481701059816,-0.991337608613649
3:2,0.5347640294375008,-0.9891494495520617
3:2,0.5146822765677922,-0.9867166213868642
3:2,0.4943140875938778,-0.9840397258854502
3:2,0.4736707980230473,-0.9811194251860063
3:2,0.4527638964643177,-0.9779564416337297
3:2,0.43160501823467384,-0.974551557602155
3:2,0.4102059388836611,-0.9709056152996295
3:2,0.3885785676399505,-0.9670195165609929
3:2,0.36673494078348345,-0.9628942226245044
3:2,0.3446872149469326,-0.9585307538940777
3:2,0.3224476603501668,-0.9539301896868814
3:2,0.30002865397150125,-0.9490936679663653
3:2,0.2774426726595499,-0.9440223850607838
3:2,0.25470228618947216,-0.9387175953672792
3:2,0.23182015026752806,-0.9331806110416025
3:2,0.2088089994877921,-0.9274128016735488
3:2,0.18568164024497355,-0.9214155939481844
3:2,0.16245094360726883,-0.9151904712929514
3:2,0.13912983815323018,-0.908738973510739
3:2,0.11573130277662773,-0.9020626963990072
3:2,0.09226835946330121,-0.8951632913550622
3:2,0.06875406604403828,-0.8880424649675785
3:2,0.04520150892749517,-0.8807019785944675
3:2,0.02162379581722185,-0.8731436479272024
3:2,-0.001965951583164133,-0.8653693425417001
3:2,-0.025554604872604043,-0.8573809854358764
3:2,-0.049129036258942896,-0.849180552553987
3:2,-0.07267612586494436,-0.8407700722978697
3:2,-0.09618276902989185,-0.8321516250252166
3:2,-0.11963588360272127,-0.8233273425349883
3:2,-0.14302241722263528,-0.8142994075401084
3:2,-0.16632935458312953,-0.8050700531275627
3:2,-0.18954372467540748,-0.7956415622060385
3:2,-0.21265260800712338,-0.7860162669412387
3:2,-0.23564314379248041,-0.7761965481790161
3:2,-0.2585025371096313,-0.7661848348564624
3:2,-0.2812180660214406,-0.7559836034011036
3:2,-0.30377708865562913,-0.7455953771183491
3:2,-0.32616705024034254,-0.7350227255673413
3:2,-0.34837549009127144,-0.7242682639253717
3:2,-0.3703900485463837,-0.7133346523410063
3:2,-0.3921984738444517,-0.7022245952760905
3:2,-0.4137886289435295,-0.6909408408367917
3:2,-0.4351484982755685,-0.6794861800938489
3:2,-0.45626619443345423,-0.6678634463921885
3:2,-0.477129964786693,-0.6560755146500937
3:2,-0.4977281980221078,-0.6441253006480806
3:2,-0.5180494306058867,-0.6320157603076728
3:2,-0.5380823531633716,-0.6197498889602453
3:2,-0.5578158167730765,-0.6073307206061178
3:2,-0.5772388391713854,-0.5947613271640898
3:2,-0.5963406108645163,-0.5820448177115891
3:2,-0.6151105011443313,-0.569184337715633
3:2,-0.6335380640046367,-0.5561830682547877
3:2,-0.6516130439547023,-0.5430442252323192
3:2,-0.6693253817267526,-0.5297710585807275
3:2,-0.6866652198742423,-0.5163668514578699
3:2,-0.7036229082578305,-0.5028349194348594
3:2,-0.7201890094159629,-0.48917860967594873
3:2,-0.7363543038171068,-0.4754013001106001
3:2,-0.7521097949906991,-0.4615063985979409
3:2,-0.7674467145339442,-0.4474973420838241
3:2,-0.7823565269917013,-0.43337759575068624
3:2,-0.7968309346067134,-0.4191506521604249
3:2,-0.8108618819375621,-0.40482003039050307
3:2,-0.8244415603417602,-0.3903892751634952
3:2,-0.8375624123214976,-0.37586195597028643
3:2,-0.8502171357296138,-0.36124166618715303
3:2,-0.8623986878334592,-0.3465320221869266
3:2,-0.8741002892343898,-0.33173666244447414
3:2,-0.8853154276407039,-0.31685924663671133
3:2,-0.8960378614919301,-0.30190345473736685
3:2,-0.9062616234324407,-0.28687298610673473
3:2,-0.9159810236324621,-0.27177155857662333
3:2,-0.925190652954639,-0.256602907530739
3:2,-0.9338853859643791,-0.24137078498072775
3:2,-0.9420603837823107,-0.22607895863810473
3:2,-0.9497110967772688,-0.21073121098229586
3:2,-0.9568332670982934,-0.19533133832503538
3:2,-0.9634229310442564,-0.17988314987133316
3:2,-0.9694764212697786,-0.16439046677725727
3:2,-0.9749903688262166,-0.14885712120476033
3:2,-0.9799617050365866,-0.13328695537377913
3:2,-0.9843876632033706,-0.11768382061185527
3:2,-0.9882657801482689,-0.10205157640149408
3:2,-0.9915938975830332,-0.08639408942551087
3:2,-0.9943701633106167,-0.07071523261059617
3:2,-0.99659303225598,-0.05501888416933205
3:2,-0.9982612673259684,-0.03930892664090981
3:2,-0.9993739400977936,-0.0235892459307687
3:2,-0.999930431335728,-0.007863730349406316
3:2,-0.999930431335728,0.007863730349406715
3:2,-0.9993739400977937,0.02358924593076821
3:2,-0.9982612673259684,0.03930892664090932
3:2,-0.9965930322559801,0.05501888416933156
3:2,-0.9943701633106168,0.07071523261059569
3:2,-0.9915938975830331,0.08639408942551127
3:2,-0.988265780148269,0.1020515764014936
3:2,-0.9843876632033707,0.11768382061185478
3:2,-0.9799617050365867,0.13328695537377866
3:2,-0.9749903688262168,0.14885712120475986
3:2,-0.9694764212697784,0.1643904667772577
3:2,-0.9634229310442561,0.17988314987133355
3:2,-0.9568332670982936,0.1953313383250349
3:2,-0.9497110967772691,0.21073121098229539
3:2,-0.942060383782311,0.22607895863810426
3:2,-0.9338853859643788,0.24137078498072814
3:2,-0.9251906529546386,0.2566029075307394
3:2,-0.9159810236324626,0.27177155857662283
3:2,-0.906261623432441,0.2868729861067343
3:2,-0.8960378614919304,0.30190345473736635
3:2,-0.8853154276407043,0.3168592466367109
3:2,-0.8741002892343893,0.33173666244447453
3:2,-0.8623986878334587,0.34653202218692697
3:2,-0.8502171357296143,0.36124166618715253
3:2,-0.8375624123214981,0.375861955970286
3:2,-0.8244415603417606,0.39038927516349475
3:2,-0.8108618819375616,0.4048200303905034
3:2,-0.7968309346067128,0.4191506521604253
3:2,-0.7823565269917019,0.4333775957506858
3:2,-0.7674467145339448,0.44749734208382363
3:2,-0.7521097949906996,0.46150639859794046
3:2,-0.7363543038171073,0.47540130011059967
3:2,-0.7201890094159622,0.48917860967594906
3:2,-0.703622908257831,0.5028349194348597
3:2,-0.686665219874243,0.5163668514578694
3:2,-0.6693253817267533,0.529771058580727
3:2,-0.651613043954703,0.5430442252323188
3:2,-0.6335380640046361,0.556183068254788
3:2,-0.615110501144332,0.5691843377156334
3:2,-0.596340610864517,0.5820448177115887
3:2,-0.5772388391713862,0.5947613271640894
3:2,-0.5578158167730771,0.6073307206061175
3:2,-0.5380823531633724,0.6197498889602449
3:2,-0.5180494306058875,0.6320157603076731
3:2,-0.4977281980221086,0.6441253006480803
3:2,-0.4771299647866937,0.6560755146500933
3:2,-0.456266194433455,0.6678634463921882
3:2,-0.4351484982755693,0.6794861800938484
3:2,-0.4137886289435303,0.6909408408367921
3:2,-0.3921984738444525,0.7022245952760907
3:2,-0.37039004854638446,0.713334652341006
3:2,-0.3483754900912722,0.7242682639253714
3:2,-0.32616705024034337,0.7350227255673409
3:2,-0.30377708865562997,0.7455953771183487
3:2,-0.28121806602144145,0.7559836034011039
3:2,-0.2585025371096321,0.766184834856462
3:2,-0.23564314379248125,0.7761965481790157
3:2,-0.2126526080071242,0.7860162669412384
3:2,-0.18954372467540834,0.7956415622060383
3:2,-0.16632935458313036,0.805070053127563
3:2,-0.1430224172226344,0.8142994075401087
3:2,-0.11963588360272213,0.823327342534988
3:2,-0.0961827690298927,0.8321516250252163
3:2,-0.07267612586494698,0.8407700722978695
3:2,-0.049129036258943756,0.8491805525539866
3:2,-0.025554604872603127,0.8573809854358766
3:2,-0.0019659515831649903,0.8653693425416998
3:2,0.021623795817220993,0.8731436479272022
3:2,0.04520150892749254,0.8807019785944673
3:2,0.06875406604403743,0.8880424649675783
3:2,0.09226835946330213,0.8951632913550623
3:2,0.11573130277662864,0.9020626963990073
3:2,0.13912983815322932,0.9087389735107387
3:2,0.16245094360726625,0.9151904712929512
3:2,0.18568164024497272,0.9214155939481842
3:2,0.20880899948779302,0.9274128016735489
3:2,0.23182015026752897,0.9331806110416027
3:2,0.2547022861894713,0.9387175953672791
3:2,0.2774426726595474,0.9440223850607837
3:2,0.3000286539715004,0.9490936679663652
3:2,0.322447660350166,0.9539301896868813
3:2,0.34468721494693344,0.9585307538940778
3:2,0.36673494078348434,0.9628942226245045
3:2,0.3885785676399481,0.9670195165609928
3:2,0.4102059388836603,0.9709056152996294
3:2,0.43160501823467307,0.9745515576021548
3:2,0.4527638964643185,0.9779564416337299
3:2,0.4736707980230481,0.9811194251860064
3:2,0.49431408759387546,0.9840397258854501
3:2,0.5146822765677914,0.9867166213868642
3:2,0.5347640294375,0.9891494495520617
3:2,0.5545481701059809,0.9913376086136488
3:2,0.5740236881063183,0.9932805573238734
3:2,0.5931797447293538,0.994977815088504
3:2,0.6120056790557628,0.9964289620857071
3:2,0.6304910138891594,0.9976336393698901
3:2,0.6486254615869809,0.9985915489604889
3:2,0.6663989297858666,0.9993024539156731
3:2,0.6838015270183584,0.9997661783909552
3:2,0.7008235682178036,0.9999826076826857
3:2,0.7174555801083808,0.9999516882564257
3:2,0.7336883064772604,0.9996734277601886
3:2,0.7495127133259666,0.9991478950225487
3:2,0.7649199938980674,0.9983752200356156
3:2,0.7799015735804009,0.997355593922881
3:2,0.794449114675102,0.9960892688919429
3:2,0.8085545210397791,0.9945765581721223
3:2,0.822209942593263,0.992817835936984
3:2,0.8354077796844103,0.9908135372117844
3:2,0.848140687321541,0.9885641577658661
3:2,0.8604015792601389,0.9860702539900286
3:2,0.8721836319465676,0.9833324427589019
3:2,0.8834802883155746,0.980351401278363
3:2,0.8942852614394979,0.9771278669180246
3:2,0.9045925380271356,0.9736626370288455
3:2,0.9143963817703082,0.9699565687459047
3:2,0.9236913365363011,0.9660105787763836
3:2,0.932472229404356,0.9618256431728192
3:2,0.9407341735445591,0.957402797091671
3:2,0.9484725709375132,0.9527431345372739
3:2,0.9556831149332625,0.9478478080912341
3:2,0.9623617926480835,0.9427180286273311
3:2,0.9685048871977675,0.9373550650120084
3:2,0.9741089797661806,0.9317602437905119
3:2,0.97917095150794,0.9259349488587669
3:2,0.9836879852841383,0.9198806211210686
3:2,0.9876575672301724,0.9135987581336656
3:2,0.9910774881547801,0.9070909137343409
3:2,0.9939458447695234,0.900358697658059
3:2,0.9962610407480245,0.8934037751387994
3:2,0.9980217876143697,0.8862278664976507
3:2,0.9992271054601849,0.8788327467172858
3:2,0.9998763234899837,0.8712202450029176
3:2,0.999969080394485,0.8633922443298334
3:2,0.9995053245516928,0.8553506809776423
3:2,0.9984853140556259,0.8470975440513244
3:2,0.9969096165726792,0.8386348749892222
3:2,0.9947791090257022,0.8299647670580875
3:2,0.9920949771059642,0.8210893648352994
3:2,0.9888587146132816,0.8120108636784035
3:2,0.9850721226246738,0.8027315091820774
3:2,0.9807373084920095,0.7932535966226786
3:2,0.9758566846692027,0.7835794703905045
3:2,0.9704329673696102,0.7737115234098926
3:2,0.9644691750543767,0.7636521965473322
3:2,0.9579686267525707,0.7534039780077013
3:2,0.9509349402140453,0.7429694027188043
3:2,0.9433720298960537,0.7323510517043541
3:2,0.9352841047847347,0.7215515514455396
3:2,0.9266756660526869,0.7105735732313668
3:2,0.9175515045539285,0.6994198324978987
3:2,0.907916698157651,0.6880930881565928
3:2,0.8977766089222207,0.6765961419118676
3:2,0.8871368801110449,0.6649318375680967
3:2,0.8760034330519206,0.6531030603261888
3:2,0.8643824638416359,0.6411127360699154
3:2,0.8522804398976666,0.6289638306421949
3:2,0.8397040963588488,0.6166593491114737
3:2,0.826660432337088,0.604202335028417
3:2,0.8131567070221359,0.5915958696730818
3:2,0.799200435641631,0.5788430712927424
3:2,0.7847993852786617,0.5659470943305953
3:2,0.7699615705491327,0.5529111286454867
3:2,0.7546952491414097,0.5397383987228966
3:2,0.7390089172206598,0.5264321628773563
3:2,0.7229113047004766,0.5129957124464843
3:2,0.7064113703844377,0.4994323709768764
3:2,0.6895182969802389,0.48574549340200535
3:2,0.6722414859892638,0.4719384652123724
3:2,0.6545905524743567,0.45801470161810115
3:2,0.6365753197087481,0.44397764670416373
3:2,0.6182058137091248,0.4298307725784886
3:2,0.5994922576558267,0.4155775785131132
3:2,0.5804450662033646,0.4012215900786331
3:2,0.5610748396843414,0.38676635827214634
3:2,0.5413923582100453,0.37221545863889227
3:2,0.5214085756710125,0.35757249038784267
3:2,0.5011346136408309,0.34284107550141335
3:2,0.4805817551866839,0.32802485783956914
3:2,0.45976143858995866,0.31312750223849256
3:2,0.43868525098051026,0.29815269360408025
3:2,0.41736492188808805,0.28310413600047585
3:2,0.3958123167144724,0.26798555173384625
3:2,0.3740394301300584,0.25280068043167186
3:2,0.35205837939843343,0.2375532781177264
3:2,0.32988139763276814,0.22224711628301808
3:2,0.3075208269877346,0.20688598095290536
3:2,0.2849891117906971,0.19147367175059976
3:2,0.2622987916161083,0.17601400095733163
3:2,0.23946249430683011,0.16051079256935868
3:2,0.2164929289463725,0.14496788135209412
3:2,0.1934028787859201,0.12938911189157112
3:2,0.17020519413003876,0.11377833764346063
3:2,0.14691278518513434,0.09813941997992148
3:2,0.12353861487450485,0.08247622723446606
3:2,0.10009569162409744,0.06679263374512151
3:2,0.0765970621229421,0.051092518896105936
3:2,0.05305580406224655,0.03537976615823856
3:2,0.029485018857308365,0.019658262128365668
3:2,0.005897824356151162,0.003931895567984956
3:2,-0.01769265246092945,-0.011795443558637174
3:2,-0.041273282786928954,-0.02751986504667245
3:2,-0.0648309432947225,-0.04323747941297931
3:2,-0.08835252344055937,-0.058944398858173
3:2,-0.11182493276050527,-0.07463673822829689
3:2,-0.13523510815565631,-0.09031061597581283
3:2,-0.1585700211621503,-0.10596215511972615
3:2,-0.18181668520191097,-0.1215874842045632
3:2,-0.20496216281003812,-0.1371827382579823
3:2,-0.22799357283492575,-0.1527440597467987
3:2,-0.2508980976069878,-0.16826759953114293
3:2,-0.27366299007208067,-0.18374951781656945
3:2,-0.29627558088563416,-0.19918598510383625
3:2,-0.31872328546349393,-0.21457318313613769
3:2,-0.34099361098564035,-0.2299073058435741
3:2,-0.3630741633488231,-0.2451845602845808
3:2,-0.3849526540642163,-0.26040116758413573
3:2,-0.40661690709637704,-0.27555336386847035
3:2,-0.4280548656395373,-0.2906374011960703
3:2,-0.44925459882759106,-0.30564954848475157
3:2,-0.4702043083739911,-0.32058609243454184
3:2,-0.49089233513781405,-0.33544333844618796
3:2,-0.5113071656124658,-0.35021761153502123
3:2,-0.5314374383332584,-0.364905257239971
3:2,-0.5512719502004176,-0.3795026425275183
3:2,-0.5707996627139561,-0.3940061566903244
3:2,-0.5900097081168959,-0.40841221224036334
3:2,-0.6088913954435425,-0.42271724579628467
3:2,-0.6274342164692952,-0.43691771896483844
3:2,-0.6456278515588006,-0.45101011921610207
3:2,-0.6634621754091496,-0.46499096075231067
3:2,-0.6809272626848819,-0.47885678537009085
3:2,-0.6980133935417702,-0.49260416331584506
3:2,-0.7147110590361752,-0.5062296941341224
3:2,-0.7310109664170685,-0.519730007508727
3:2,-0.7469040442977368,-0.5331017640963711
3:2,-0.7623814477042531,-0.5463416563526827
3:2,-0.7774345629980032,-0.5594464093503244
3:2,-0.792055012669408,-0.5724127815890667
3:2,-0.8062346600002682,-0.5852375657975792
3:2,-0.8199656135920994,-0.5979175897267537
3:2,-0.8332402317579088,-0.6104497169343799
3:2,-0.8460511267750526,-0.622830847560943
3:2,-0.8583911689967014,-0.6350579190963922
3:2,-0.8702534908197116,-0.6471279071376587
3:2,-0.8816314905066581,-0.6590378261367459
3:2,-0.8925188358598807,-0.6707847301392237
3:2,-0.9029094677455649,-0.6823657135129084
3:2,-0.9127976034658137,-0.6937779116665903
3:2,-0.9221777399768986,-0.7050185017585882
3:2,-0.9310446569518731,-0.7160847033949971
3:2,-0.9393934196858273,-0.7269737793174232
3:2,-0.9472193818422165,-0.7376830360800495
3:2,-0.9545181880386728,-0.7482098247158756
3:2,-0.9612857762709115,-0.7585515413919389
3:2,-0.9675183801733611,-0.7687056280533885
3:2,-0.9732125311152486,-0.7786695730562241
3:2,-0.9783650601310095,-0.7884409117885556
3:2,-0.9829730996839018,-0.7980172272802398
3:2,-0.9870340852618797,-0.8073961508007171
3:2,-0.9905457568048243,-0.8165753624449311
3:2,-0.9935061599623277,-0.8255525917071611
3:2,-0.9959136471813553,-0.8343256180426355
3:2,-0.9977668786231532,-0.8428922714167973
3:2,-0.9990648229089101,-0.851250432842061
3:2,-0.9998067576937518,-0.8593980349019571
3:2,-0.9999922700687454,-0.867333062262511
3:2,-0.9996212567906971,-0.8750535521707391
3:2,-0.9986939243396102,-0.8825575949401483
3:2,-0.997210788803772,-0.8898433344230954
3:2,-0.9951726755925348,-0.896908968469917
3:2,-0.9925807189769533,-0.9037527493746939
3:2,-0.9894363614585253,-0.9103729843075493
3:2,-0.9857413529663991,-0.9167680357333808
3:2,-0.9814977498834853,-0.9229363218169035
3:2,-0.9767079139020145,-0.9288763168139277
3:2,-0.9713745107091927,-0.9345865514487504
3:2,-0.9655005085036563,-0.9400656132775903
3:2,-0.9590891763435894,-0.9453121470379577
3:2,-0.9521440823273911,-0.9503248549838811
3:2,-0.9446690916079186,-0.9551024972069126
3:2,-0.9366683642414247,-0.9596438919428186
3:2,-0.9281463528723459,-0.9639479158638968
3:2,-0.9191078002552909,-0.9680135043568322
3:2,-0.9095577366155382,-0.971839651786032
3:2,-0.899501476849572,-0.9754254117423755
3:2,-0.8889446175671936,-0.9787698972773075
3:2,-0.8778930339768174,-0.9818722811222308
3:2,-0.8663528766157683,-0.9847317958931324
3:2,-0.8543305679272994,-0.9873477342803975
3:2,-0.8418327986863203,-0.989719449223766
3:2,-0.8288665242757914,-0.9918463540723836
3:2,-0.815438960815819,-0.9937279227299132
3:2,-0.8015575811476988,-0.9953636897846647
3:2,-0.7872301106750288,-0.9967532506247171
3:2,-0.7724645230643015,-0.997896261538
3:2,-0.757269035807334,-0.9987924397973121
3:2,-0.7416521056479564,-0.9994415637302546
3:2,-0.7256224238756163,-0.9998434727740622
3:2,-0.7091889114883844,-0.9999980675153191
3:2,-0.6923607142281646,-0.9999053097145492
3:2,-0.6751471974908305,-0.9995652223156747
3:2,-0.6575579411140667,-0.9989778894403407
3:2,-0.6396027340459434,-0.9981434563671079
3:2,-0.6212915688970364,-0.9970621294955168
3:2,-0.6026346363792562,-0.9957341762950345
3:2,-0.583642319634428,-0.9941599252388961
3:2,-0.5643251884557237,-0.9923397657228541
3:2,-0.5446939934052997,-0.9902741479688623
3:2,-0.5247596598312481,-0.9879635829137101
3:2,-0.5045332817873293,-0.9854086420826416
3:2,-0.4840261158588175,-0.9826099574479878
3:2,-0.4632495748978315,-0.9795682212728448
3:2,-0.44221522167178934,-0.9762841859398423
3:2,-0.4209347624283388,-0.9727586637650374
3:2,-0.39942004038049805,-0.9689925267969868
3:2,-0.3776830291155728,-0.9649867066010442
3:2,-0.3557358259314505,-0.9607421940289321
3:2,-0.33359064510414443,-0.9562600389736545
3:2,-0.31125981109013684,-0.9515413501098002
3:2,-0.2887557516674695,-0.9465872946193098
3:2,-0.26609099101933315,-0.9413990979027712
3:2,-0.24327814276393742,-0.9359780432763096
3:2,-0.22032990293470853,-0.9303254716541601
3:2,-0.1972590429145117,-0.9244427812169829
3:2,-0.17407840232804925,-0.9183314270660248
3:2,-0.1508008818961762,-0.9119929208631911
3:2,-0.12743943625628348,-0.9054288304571326
3:2,-0.10400706675267543,-0.8986407794954367
3:2,-0.08051681420088286,-0.8916304470230073
3:2,-0.056981751630115,-0.8843995670667544
3:2,-0.03341497700767776,-0.876949928206672
3:2,-0.009829605949583682,-0.8692833731334293
3:2,0.013761235578659886,-0.8614017981925787
3:2,0.037344418567093494,-0.8533071529154826
3:2,0.060906818267936105,-0.8450014395370984
3:2,0.0844353214999501,-0.8364867125007127
3:2,0.10791683394629807,-0.8277650779497717
3:2,0.13133828744190126,-0.8188386932069233
3:2,0.1546866472463143,-0.8097097662403894
3:2,0.17794891929789233,-0.800380555117827
3:2,0.2011121574454248,-0.7908533674477808
3:2,0.22416347065303519,-0.7811305598088923
3:2,0.24709003017440795,-0.7712145371669963
3:2,0.2698790766924186,-0.7611077522802379
3:2,0.29251792742002075,-0.7508127050923837
3:2,0.3149939831586518,-0.7403319421144449
3:2,0.3372947353100098,-0.7296680557947984
3:2,0.35940777283751085,-0.7188236838779299
3:2,0.38132078917338175,-0.7078015087519819
3:2,0.4030215890676145,-0.6966042567852615
3:2,0.42449809537503397,-0.6852346976518565
3:2,0.4457383557765388,-0.6736956436465573
3:2,0.4667305494309706,-0.6619899489892194
3:2,0.487462993553746,-0.6501205091187663
3:2,0.5079241499186583,-0.6380902599769988
3:2,0.5281026312792892,-0.6259021772823712
3:2,0.5479872077063035,-0.6135592757939491
3:2,0.5675668128372834,-0.6010646085656903
3:2,0.5868305500354727,-0.5884212661912667
3:2,0.6057676984540641,-0.5756323760396005
3:2,0.6243677190027122,-0.5627011014812909
3:2,0.642620260212807,-0.5496306411061557
3:2,0.6605151639984167,-0.5364242279320403
3:2,0.6780424713095479,-0.5230851286051258
3:2,0.6951924276746415,-0.5096166425919181
3:2,0.7119554886292639,-0.49602210136310476
3:2,0.7283223250278469,-0.4823048675695179
3:2,0.7442838282356758,-0.46846833421035966
3:2,0.7598311151980798,-0.45451592379394634
3:2,0.7749555333841502,-0.4404510874911297
3:2,0.7896486656021194,-0.42627730428164384
3:2,0.8039023346837667,-0.4119980800935741
3:2,0.8177086080352883,-0.3976169469361439
3:2,0.8310598020519891,-0.3831374620260745
3:2,0.8439484863944684,-0.36856320690768535
3:2,0.8563674881238129,-0.35389778656699294
3:2,0.8683098956935419,-0.33914482854001193
3:2,0.8797690627961153,-0.32430798201546146
3:2,0.8907386120617746,-0.3093909169321404
3:2,0.9012124386077645,-0.2943973230711455
3:2,0.9111847134358716,-0.2793309091431977
3:2,0.9206498866764288,-0.2641954018712866
3:2,0.9296026906770043,-0.2489945450688421
3:2,0.9380381429339855,-0.23373209871370493
3:2,0.9459515488655102,-0.21841183801807232
3:2,0.9533385044241339,-0.20303755249469332
3:2,0.9601948985478076,-0.18761304501952644
3:2,0.9665169154478224,-0.17214213089107472
3:2,0.9723010367323937,-0.15662863688667394
3:2,0.9775440433647655,-0.14107640031591567
3:2,0.982243017454694,-0.12548926807148214
3:2,0.9863953438823377,-0.10987109567761122
3:2,0.9899987117536593,-0.09422574633640836
3:2,0.9930511156864973,-0.07855708997228612
3:2,0.9955508569266296,-0.0628690022747125
3:2,0.9974965442931768,-0.04716536373956154
3:2,0.9988870949528355,-0.03145005870924866
3:2,0.99972173502251,-0.015726974411932073
3:2,1.0,-4.898587196589413e-16
5:4,1.0,0.0
5:4,0.999227105460185,0.031450058709247844
5:4,0.9969096165726792,0.06286900227471312
5:4,0.9930511156864972,0.09422574633640868
5:4,0.9876575672301724,0.12548926807148214
5:4,0.9807373084920092,0.1566286368866736
5:4,0.9723010367323934,0.1876130450195258
5:4,0.9623617926480836,0.21841183801807135
5:4,0.9509349402140451,0.24899454506884255
5:4,0.938038142933985,0.27933090914319786
5:4,0.9236913365363012,0.3093909169321402
5:4,0.9079166981576505,0.33914482854001143
5:4,0.8907386120617741,0.36856320690768457
5:4,0.8721836319465677,0.39761694693614447
5:4,0.8522804398976661,0.42627730428164406
5:4,0.8310598020519884,0.45451592379394634
5:4,0.8085545210397792,0.4823048675695175
5:4,0.7847993852786609,0.5096166425919174
5:4,0.7598311151980787,0.5364242279320394
5:4,0.7336883064772601,0.5627011014812913
5:4,0.7064113703844367,0.5884212661912667
5:4,0.6780424713095465,0.6135592757939489
5:4,0.6486254615869806,0.6380902599769983
5:4,0.6182058137091236,0.6619899489892186
5:4,0.5868305500354712,0.685234697651857
5:4,0.5545481701059807,0.707801508751982
5:4,0.5214085756710114,0.7296680557947984
5:4,0.4874629935537444,0.7508127050923834
5:4,0.45276389646431825,0.7712145371669958
5:4,0.4173649218880868,0.7908533674477802
5:4,0.3813207891733801,0.8097097662403896
5:4,0.3446872149469332,0.8277650779497717
5:4,0.30752082698773325,0.8450014395370983
5:4,0.26987907669241645,0.8614017981925784
5:4,0.23182015026752825,0.8769499282066715
5:4,0.19340287878591833,0.8916304470230075
5:4,0.1546866472463121,0.9054288304571327
5:4,0.11573130277662792,0.9183314270660248
5:4,0.07659706212294028,0.9303254716541599
5:4,0.0373444185670908,0.941399097902771
5:4,-0.001965951583163934,0.9515413501097999
5:4,-0.041273282786931216,0.9607421940289322
5:4,-0.08051681420088509,0.9689925267969868
5:4,-0.11963588360272152,0.9762841859398422
5:4,-0.15857002116215252,0.9826099574479877
5:4,-0.19725904291451435,0.9879635829137099
5:4,-0.23564314379248066,0.9923397657228542
5:4,-0.27366299007208283,0.9957341762950345
5:4,-0.3112598110901327,0.9981434563671079
5:4,-0.34837549009127167,0.9995652223156747
5:4,-0.38495265406421675,0.9999980675153191
5:4,-0.42093476242833483,0.9994415637302546
5:4,-0.45626619443345445,0.997896261538
5:4,-0.49089233513781444,0.9953636897846647
5:4,-0.5247596598312447,0.9918463540723838
5:4,-0.5578158167730767,0.9873477342803976
5:4,-0.5900097081168966,0.981872281122231
5:4,-0.621291568897033,0.9754254117423754
5:4,-0.6516130439547028,0.9680135043568322
5:4,-0.6809272626848826,0.9596438919428187
5:4,-0.7091889114883816,0.9503248549838812
5:4,-0.7363543038171072,0.9400656132775906
5:4,-0.7623814477042534,0.9288763168139275
5:4,-0.787230110675026,0.9167680357333808
5:4,-0.8108618819375613,0.9037527493746939
5:4,-0.8332402317579092,0.8898433344230956
5:4,-0.8543305679272977,0.8750535521707393
5:4,-0.8741002892343894,0.8593980349019575
5:4,-0.8925188358598812,0.8428922714167971
5:4,-0.9095577366155363,0.8255525917071611
5:4,-0.9251906529546388,0.8073961508007171
5:4,-0.9393934196858278,0.7884409117885558
5:4,-0.95214408232739,0.7687056280533892
5:4,-0.9634229310442562,0.7482098247158754
5:4,-0.973212531115249,0.726973779317423
5:4,-0.9814977498834846,0.7050185017585882
5:4,-0.9882657801482688,0.6823657135129089
5:4,-0.9935061599623278,0.6590378261367467
5:4,-0.9972107888037719,0.635057919096393
5:4,-0.9993739400977936,0.6104497169343797
5:4,-0.9999922700687454,0.5852375657975792
5:4,-0.9990648229089102,0.5594464093503244
5:4,-0.9965930322559801,0.5331017640963716
5:4,-0.9925807189769531,0.5062296941341232
5:4,-0.9870340852618803,0.4788567853700905
5:4,-0.9799617050365867,0.45101011921610173
5:4,-0.9713745107091921,0.4227172457962847
5:4,-0.9612857762709122,0.39400615669032485
5:4,-0.949711096777269,0.36490525723997186
5:4,-0.936668364241424,0.33544333844618884
5:4,-0.9221777399768996,0.3056495484847512
5:4,-0.9062616234324409,0.2755533638684704
5:4,-0.8889446175671926,0.24518456028458127
5:4,-0.8702534908197129,0.21457318313613816
5:4,-0.8502171357296141,0.18374951781657037
5:4,-0.8288665242757902,0.1527440597467983
5:4,-0.8062346600002698,0.1215874842045628
5:4,-0.7823565269917018,0.09031061597581287
5:4,-0.7572690358073325,0.05894439885817349
5:4,-0.7310109664170704,0.027519865046673385
5:4,-0.7036229082578309,-0.0039318955679857985
5:4,-0.6751471974908289,-0.03537976615823896
5:4,-0.6456278515588026,-0.06679263374512145
5:4,-0.6151105011443317,-0.098139419979921
5:4,-0.5836423196344263,-0.12938911189157062
5:4,-0.5512719502004199,-0.16051079256935777
5:4,-0.5180494306058873,-0.19147367175060015
5:4,-0.4840261158588155,-0.22224711628301805
5:4,-0.4492545988275926,-0.2528006804316718
5:4,-0.4137886289435301,-0.2831041360004754
5:4,-0.37768302911557067,-0.3131275022384917
5:4,-0.34099361098564285,-0.3428410755014137
5:4,-0.3037770886556289,-0.3722154586388926
5:4,-0.2660909910193301,-0.40122159007863306
5:4,-0.22799357283492658,-0.4298307725784882
5:4,-0.18954372467540723,-0.45801470161810076
5:4,-0.15080088189617308,-0.4857454934020045
5:4,-0.11182493276050524,-0.5129957124464847
5:4,-0.07267612586494585,-0.5397383987228966
5:4,-0.03341497700767461,-0.5659470943305952
5:4,0.005897824356151192,-0.5915958696730813
5:4,0.045201508927493673,-0.616659349111473
5:4,0.08443532149995324,-0.6411127360699157
5:4,0.12353861487450311,-0.664931837568097
5:4,0.16245094360726736,-0.6880930881565926
5:4,0.2011121574454279,-0.7105735732313665
5:4,0.23946249430682842,-0.7323510517043536
5:4,0.2774426726595485,-0.7534039780077006
5:4,0.314993983158648,-0.7737115234098928
5:4,0.3520583793984326,-0.7932535966226788
5:4,0.38857856763994914,-0.8120108636784031
5:4,0.4244980953750312,-0.8299647670580873
5:4,0.4597614385899579,-0.8470975440513242
5:4,0.49431408759387646,-0.8633922443298336
5:4,0.5281026312792867,-0.8788327467172861
5:4,0.5610748396843399,-0.8934037751387992
5:4,0.5931797447293554,-0.9070909137343407
5:4,0.6243677190027097,-0.9198806211210684
5:4,0.6545905524743555,-0.9317602437905115
5:4,0.6838015270183586,-0.9427180286273312
5:4,0.7119554886292618,-0.952743134537274
5:4,0.7390089172206591,-0.961825643172819
5:4,0.7649199938980675,-0.9699565687459045
5:4,0.789648665602117,-0.9771278669180242
5:4,0.8131567070221354,-0.983332442758902
5:4,0.8354077796844105,-0.9885641577658663
5:4,0.8563674881238114,-0.9928178359369839
5:4,0.8760034330519202,-0.9960892688919428
5:4,0.8942852614394989,-0.9983752200356156
5:4,0.9111847134358703,-0.9996734277601886
5:4,0.9266756660526867,-0.9999826076826857
5:4,0.9407341735445601,-0.9993024539156731
5:4,0.953338504424133,-0.9976336393698901
5:4,0.9644691750543765,-0.994977815088504
5:4,0.974108979766181,-0.991337608613649
5:4,0.9822430174546934,-0.9867166213868642
5:4,0.9888587146132816,-0.9811194251860063
5:4,0.9939458447695233,-0.974551557602155
5:4,0.9974965442931766,-0.9670195165609929
5:4,0.9995053245516928,-0.9585307538940777
5:4,0.999969080394485,-0.9490936679663653
5:4,0.9988870949528355,-0.9387175953672792
5:4,0.9962610407480245,-0.9274128016735488
5:4,0.9920949771059643,-0.9151904712929514
5:4,0.9863953438823378,-0.9020626963990072
5:4,0.9791709515079402,-0.8880424649675785
5:4,0.9704329673696105,-0.8731436479272024
5:4,0.9601948985478078,-0.8573809854358764
5:4,0.9484725709375135,-0.8407700722978697
5:4,0.9352841047847352,-0.8233273425349883
5:4,0.9206498866764284,-0.8050700531275627
5:4,0.904592538027136,-0.7860162669412387
5:4,0.8871368801110456,-0.7661848348564624
5:4,0.8683098956935424,-0.7455953771183491
5:4,0.8481406873215415,-0.7242682639253717
5:4,0.8266604323370879,-0.7022245952760905
5:4,0.8039023346837674,-0.6794861800938489
5:4,0.7799015735804026,-0.6560755146500937
5:4,0.7546952491414096,-0.6320157603076728
5:4,0.7283223250278476,-0.6073307206061178
5:4,0.7008235682178042,-0.5820448177115891
5:4,0.6722414859892637,-0.5561830682547877
5:4,0.6426202602128079,-0.5297710585807275
5:4,0.6120056790557634,-0.5028349194348594
5:4,0.5804450662033658,-0.4754013001106001
5:4,0.5479872077063029,-0.4474973420838241
5:4,0.5146822765677922,-0.4191506521604249
5:4,0.4805817551866853,-0.3903892751634952
5:4,0.4457383557765382,-0.36124166618715303
5:4,0.4102059388836611,-0.33173666244447414
5:4,0.3740394301300582,-0.30190345473736685
5:4,0.3372947353100092,-0.27177155857662333
5:4,0.30002865397150125,-0.24137078498072775
5:4,0.2622987916161081,-0.21073121098229586
5:4,0.22416347065303452,-0.17988314987133316
5:4,0.18568164024497355,-0.14885712120476033
5:4,0.1469127851851341,-0.11768382061185527
5:4,0.1079168339462974,-0.08639408942551087
5:4,0.06875406604403828,-0.05501888416933205
5:4,0.02948501885730812,-0.0235892459307687
5:4,-0.009829605949586132,0.007863730349406715
5:4,-0.049129036258942896,0.03930892664090932
5:4,-0.08835252344055962,0.07071523261059569
5:4,-0.12743943625628415,0.1020515764014936
5:4,-0.16632935458312953,0.13328695537377866
5:4,-0.20496216281003835,0.1643904667772577
5:4,-0.24327814276393808,0.1953313383250349
5:4,-0.2812180660214406,0.22607895863810426
5:4,-0.3187232854634925,0.2566029075307394
5:4,-0.3557358259314511,0.2868729861067343
5:4,-0.3921984738444517,0.3168592466367109
5:4,-0.42805486563953754,0.34653202218692697
5:4,-0.4632495748978321,0.375861955970286
5:4,-0.4977281980221078,0.4048200303905034
5:4,-0.5314374383332571,0.4333775957506858
5:4,-0.5643251884557242,0.46150639859794046
5:4,-0.5963406108645176,0.48917860967594906
5:4,-0.627434216469294,0.5163668514578694
5:4,-0.6575579411140673,0.5430442252323188
5:4,-0.6866652198742437,0.5691843377156334
5:4,-0.714711059036174,0.5947613271640894
5:4,-0.7416521056479579,0.6197498889602449
5:4,-0.7674467145339442,0.6441253006480803
5:4,-0.7920550126694071,0.6678634463921882
5:4,-0.8154389608158205,0.6909408408367921
5:4,-0.8375624123214976,0.713334652341006
5:4,-0.8583911689967016,0.7350227255673409
5:4,-0.8778930339768186,0.7559836034011039
5:4,-0.8960378614919301,0.7761965481790157
5:4,-0.9127976034658138,0.7956415622060383
5:4,-0.9281463528723469,0.8142994075401087
5:4,-0.9420603837823113,0.8321516250252163
5:4,-0.9545181880386729,0.8491805525539866
5:4,-0.9655005085036557,0.8653693425416998
5:4,-0.9749903688262169,0.8807019785944673
5:4,-0.9829730996839018,0.8951632913550623
5:4,-0.9894363614585251,0.9087389735107387
5:4,-0.9943701633106169,0.9214155939481842
5:4,-0.9977668786231532,0.9331806110416027
5:4,-0.9996212567906971,0.9440223850607837
5:4,-0.999930431335728,0.9539301896868813
5:4,-0.9986939243396102,0.9628942226245045
5:4,-0.9959136471813554,0.9709056152996294
5:4,-0.9915938975830331,0.9779564416337299
5:4,-0.9857413529663991,0.9840397258854501
5:4,-0.9783650601310098,0.9891494495520617
5:4,-0.9694764212697784,0.9932805573238734
5:4,-0.9590891763435893,0.9964289620857071
5:4,-0.9472193818422169,0.9985915489604889
5:4,-0.9338853859643788,0.9997661783909552
5:4,-0.9191078002552908,0.9999516882564257
5:4,-0.9029094677455655,0.9991478950225487
5:4,-0.8853154276407043,0.997355593922881
5:4,-0.8663528766157681,0.9945765581721223
5:4,-0.8460511267750532,0.9908135372117844
5:4,-0.8244415603417606,0.9860702539900286
5:4,-0.8015575811476987,0.980351401278363
5:4,-0.7774345629980027,0.9736626370288455
5:4,-0.7521097949906985,0.9660105787763836
5:4,-0.7256224238756162,0.957402797091671
5:4,-0.6980133935417709,0.9478478080912341
5:4,-0.6693253817267533,0.9373550650120084
5:4,-0.6396027340459418,0.9259349488587669
5:4,-0.608891395443542,0.9135987581336656
5:4,-0.5772388391713847,0.900358697658059
5:4,-0.5446939934052994,0.8862278664976507
5:4,-0.5113071656124668,0.8712202450029176
5:4,-0.4771299647866922,0.8553506809776423
5:4,-0.4422152216717875,0.8386348749892222
5:4,-0.40661690709637643,0.8210893648352994
5:4,-0.37039004854638446,0.8027315091820774
5:4,-0.3335906451041442,0.7835794703905045
5:4,-0.2962755808856335,0.7636521965473322
5:4,-0.2585025371096304,0.7429694027188043
5:4,-0.22032990293470656,0.7215515514455396
5:4,-0.1818166852019103,0.6994198324978987
5:4,-0.14302241722263614,0.6765961419118676
5:4,-0.10400706675267343,0.6531030603261888
5:4,-0.06483094329472182,0.6289638306421949
5:4,-0.025554604872603127,0.604202335028417
5:4,0.013761235578661907,0.5788430712927424
5:4,0.05305580406224545,0.5529111286454867
5:4,0.09226835946330213,0.5264321628773563
5:4,0.1313382874419033,0.4994323709768764
5:4,0.1702051941300394,0.4719384652123724
5:4,0.20880899948779302,0.44397764670416373
5:4,0.24709003017440817,0.4155775785131132
5:4,0.28498911179069775,0.38676635827214634
5:4,0.322447660350166,0.35757249038784267
5:4,0.35940777283751274,0.32802485783956914
5:4,0.39581231671447303,0.29815269360408025
5:4,0.43160501823467307,0.26798555173384625
5:4,0.46673054943097236,0.2375532781177264
5:4,0.5011346136408314,0.20688598095290536
5:4,0.5347640294375,0.17601400095733163
5:4,0.567566812837285,0.14496788135209412
5:4,0.5994922576558258,0.11377833764346063
5:4,0.6304910138891594,0.08247622723446606
5:4,0.6605151639984181,0.051092518896105936
5:4,0.6895182969802381,0.019658262128365668
5:4,0.7174555801083808,-0.011795443558637174
5:4,0.7442838282356725,-0.04323747941297931
5:4,0.7699615705491332,-0.07463673822829689
5:4,0.794449114675102,-0.10596215511972615
5:4,0.8177086080352853,-0.1371827382579823
5:4,0.8397040963588482,-0.16826759953114293
5:4,0.8604015792601389,-0.19918598510383625
5:4,0.8797690627961138,-0.2299073058435741
5:4,0.8977766089222202,-0.26040116758413573
5:4,0.9143963817703082,-0.2906374011960703
5:4,0.9296026906770024,-0.32058609243454184
5:4,0.9433720298960534,-0.35021761153502123
5:4,0.9556831149332631,-0.3795026425275183
5:4,0.9665169154478215,-0.40841221224036334
5:4,0.9758566846692025,-0.43691771896483844
5:4,0.9836879852841383,-0.46499096075231067
5:4,0.9899987117536585,-0.49260416331584506
5:4,0.9947791090257023,-0.519730007508727
5:4,0.9980217876143698,-0.5463416563526827
5:4,0.9997217350225099,-0.5724127815890667
5:4,0.9998763234899837,-0.5979175897267537
5:4,0.9984853140556259,-0.622830847560943
5:4,0.9955508569266297,-0.6471279071376587
5:4,0.99107748815478,-0.6707847301392237
5:4,0.9850721226246736,-0.6937779116665903
5:4,0.9775440433647662,-0.7160847033949971
5:4,0.9685048871977677,-0.7376830360800495
5:4,0.9579686267525702,-0.7585515413919389
5:4,0.9459515488655107,-0.7786695730562241
5:4,0.9324722294043557,-0.7980172272802398
5:4,0.9175515045539299,-0.8165753624449311
5:4,0.9012124386077658,-0.8343256180426355
5:4,0.8834802883155742,-0.851250432842061
5:4,0.8643824638416368,-0.867333062262511
5:4,0.8439484863944691,-0.8825575949401483
5:4,0.8222099425932635,-0.896908968469917
5:4,0.7992004356416331,-0.9103729843075493
5:4,0.7749555333841511,-0.9229363218169035
5:4,0.749512713325966,-0.9345865514487504
5:4,0.7229113047004778,-0.9453121470379577
5:4,0.6951924276746412,-0.9551024972069126
5:4,0.6663989297858673,-0.9639479158638968
5:4,0.6365753197087495,-0.971839651786032
5:4,0.6057676984540651,-0.9787698972773075
5:4,0.5740236881063178,-0.9847317958931324
5:4,0.5413923582100453,-0.989719449223766
5:4,0.507924149918661,-0.9937279227299132
5:4,0.4736707980230475,-0.9967532506247171
5:4,0.43868525098051186,-0.9987924397973121
5:4,0.4030215890676157,-0.9998434727740622
5:4,0.36673494078348207,-0.9999053097145492
5:4,0.32988139763276814,-0.9989778894403407
5:4,0.29251792742002203,-0.9970621294955168
5:4,0.2547022861894724,-0.9941599252388961
5:4,0.21649292894637426,-0.9902741479688623
5:4,0.17794891929789192,-0.9854086420826416
5:4,0.13912983815322866,-0.9795682212728448
5:4,0.10009569162409922,-0.9727586637650374
5:4,0.06090681826793745,-0.9649867066010442
5:4,0.021623795817222093,-0.9562600389736545
5:4,-0.01769265246092945,-0.9465872946193098
5:4,-0.05698175163011542,-0.9359780432763096
5:4,-0.09618276902989337,-0.9244427812169829
5:4,-0.13523510815565457,-0.9119929208631911
5:4,-0.17407840232804792,-0.8986407794954367
5:4,-0.21265260800712488,-0.8843995670667544
5:4,-0.2508980976069878,-0.8692833731334293
5:4,-0.2887557516674716,-0.8533071529154826
5:4,-0.3261670502403423,-0.8364867125007127
5:4,-0.3630741633488198,-0.8188386932069233
5:4,-0.3994200403805001,-0.800380555117827
5:4,-0.4351484982755715,-0.7811305598088923
5:4,-0.4702043083739911,-0.7611077522802379
5:4,-0.5045332817873311,-0.7403319421144449
5:4,-0.5380823531633714,-0.7188236838779299
5:4,-0.5707996627139561,-0.6966042567852615
5:4,-0.602634636379258,-0.6736956436465573
5:4,-0.633538064004638,-0.6501205091187663
5:4,-0.6634621754091496,-0.6259021772823712
5:4,-0.6923607142281636,-0.6010646085656903
5:4,-0.7201890094159639,-0.5756323760396005
5:4,-0.7469040442977368,-0.5496306411061557
5:4,-0.7724645230643028,-0.5230851286051258
5:4,-0.7968309346067144,-0.49602210136310476
5:4,-0.8199656135920994,-0.46846833421035966
5:4,-0.8418327986863215,-0.4404510874911297
5:4,-0.86239868783346,-0.4119980800935741
5:4,-0.8816314905066581,-0.3831374620260745
5:4,-0.899501476849573,-0.35389778656699294
5:4,-0.9159810236324628,-0.32430798201546146
5:4,-0.9310446569518731,-0.2943973230711455
5:4,-0.9446690916079192,-0.2641954018712866
5:4,-0.9568332670982939,-0.23373209871370493
5:4,-0.9675183801733611,-0.20303755249469332
5:4,-0.976707913902015,-0.17214213089107472
5:4,-0.9843876632033708,-0.14107640031591567
5:4,-0.9905457568048243,-0.10987109567761122
5:4,-0.995172675592535,-0.07855708997228612
5:4,-0.9982612673259684,-0.04716536373956154
5:4,-0.9998067576937518,-0.015726974411932073
5:4,-0.9998067576937517,0.015726974411932867
5:4,-0.9982612673259683,0.04716536373956056
5:4,-0.9951726755925348,0.07855708997228515
5:4,-0.990545756804824,0.10987109567761025
5:4,-0.9843876632033705,0.1410764003159147
5:4,-0.9767079139020145,0.1721421308910755
5:4,-0.9675183801733606,0.20303755249469235
5:4,-0.9568332670982932,0.23373209871370398
5:4,-0.9446690916079186,0.26419540187128565
5:4,-0.9310446569518723,0.2943973230711446
5:4,-0.9159810236324619,0.3243079820154622
5:4,-0.899501476849572,0.35389778656699367
5:4,-0.8816314905066571,0.3831374620260736
5:4,-0.8623986878334589,0.4119980800935732
5:4,-0.8418327986863203,0.4404510874911288
5:4,-0.8199656135920981,0.4684683342103603
5:4,-0.7968309346067131,0.4960221013631054
5:4,-0.7724645230643015,0.5230851286051249
5:4,-0.7469040442977354,0.5496306411061548
5:4,-0.7201890094159624,0.5756323760395997
5:4,-0.6923607142281646,0.6010646085656896
5:4,-0.663462175409148,0.6259021772823717
5:4,-0.6335380640046362,0.6501205091187668
5:4,-0.6026346363792562,0.6736956436465565
5:4,-0.5707996627139542,0.6966042567852608
5:4,-0.5380823531633725,0.7188236838779293
5:4,-0.5045332817873293,0.7403319421144453
5:4,-0.47020430837398913,0.7611077522802383
5:4,-0.4351484982755695,0.7811305598088917
5:4,-0.39942004038049805,0.8003805551178265
5:4,-0.36307416334882103,0.8188386932069227
5:4,-0.3261670502403436,0.8364867125007122
5:4,-0.2887557516674695,0.8533071529154831
5:4,-0.2508980976069874,0.8692833731334296
5:4,-0.21265260800712446,0.8843995670667539
5:4,-0.17407840232804925,0.8986407794954363
5:4,-0.1352351081556559,0.9119929208631907
5:4,-0.09618276902989295,0.9244427812169831
5:4,-0.056981751630115,0.93597804327631
5:4,-0.01769265246092902,0.9465872946193095
5:4,0.021623795817220747,0.9562600389736543
5:4,0.060906818267936105,0.964986706601044
5:4,0.10009569162409787,0.9727586637650372
5:4,0.1391298381532291,0.979568221272845
5:4,0.17794891929789233,0.9854086420826413
5:4,0.21649292894637295,0.9902741479688622
5:4,0.2547022861894711,0.994159925238896
5:4,0.29251792742002075,0.9970621294955166
5:4,0.3298813976327685,0.9989778894403408
5:4,0.36673494078348245,0.9999053097145492
5:4,0.4030215890676145,0.9998434727740622
5:4,0.43868525098051064,0.9987924397973121
5:4,0.4736707980230463,0.9967532506247171
5:4,0.5079241499186583,0.9937279227299133
5:4,0.5413923582100457,0.9897194492237659
5:4,0.5740236881063168,0.9847317958931326
5:4,0.6057676984540641,0.9787698972773077
5:4,0.6365753197087485,0.9718396517860323
5:4,0.666398929785865,0.963947915863897
5:4,0.6951924276746415,0.9551024972069123
5:4,0.7229113047004769,0.9453121470379574
5:4,0.7495127133259653,0.9345865514487508
5:4,0.7749555333841502,0.922936321816904
5:4,0.7992004356416312,0.9103729843075498
5:4,0.8222099425932617,0.8969089684699174
5:4,0.8439484863944684,0.8825575949401478
5:4,0.8643824638416361,0.8673330622625115
5:4,0.8834802883155736,0.8512504328420616
5:4,0.9012124386077645,0.834325618042636
5:4,0.9175515045539286,0.8165753624449317
5:4,0.9324722294043553,0.7980172272802393
5:4,0.9459515488655102,0.7786695730562236
5:4,0.9579686267525698,0.7585515413919396
5:4,0.968504887197767,0.7376830360800501
5:4,0.9775440433647655,0.7160847033949977
5:4,0.9850721226246733,0.6937779116665896
5:4,0.9910774881547799,0.6707847301392231
5:4,0.9955508569266296,0.6471279071376594
5:4,0.9984853140556257,0.6228308475609436
5:4,0.9998763234899836,0.5979175897267545
5:4,0.99972173502251,0.5724127815890676
5:4,0.9980217876143699,0.5463416563526821
5:4,0.9947791090257024,0.5197300075087262
5:4,0.9899987117536589,0.4926041633158459
5:4,0.9836879852841388,0.46499096075231156
5:4,0.9758566846692032,0.43691771896483933
5:4,0.9665169154478218,0.40841221224036256
5:4,0.9556831149332635,0.3795026425275176
5:4,0.9433720298960544,0.3502176115350222
5:4,0.9296026906770036,0.3205860924345428
5:4,0.9143963817703095,0.29063740119607123
5:4,0.8977766089222216,0.2604011675841367
5:4,0.8797690627961144,0.22990730584357333
5:4,0.8604015792601406,0.1991859851038372
5:4,0.8397040963588499,0.16826759953114387
5:4,0.8177086080352871,0.13718273825798327
5:4,0.7944491146751038,0.10596215511972712
5:4,0.7699615705491341,0.07463673822829608
5:4,0.7442838282356745,0.04323747941297852
5:4,0.7174555801083831,0.011795443558638154
5:4,0.6895182969802404,-0.01965826212836469
5:4,0.6605151639984205,-0.05109251889610496
5:4,0.6304910138891617,-0.08247622723446507
5:4,0.5994922576558283,-0.11377833764346142
5:4,0.5675668128372876,-0.14496788135209315
5:4,0.5347640294375027,-0.17601400095733066
5:4,0.5011346136408342,-0.2068859809529044
5:4,0.46673054943097514,-0.23755327811772542
5:4,0.4316050182346759,-0.267985551733847
5:4,0.39581231671446937,-0.29815269360408103
5:4,0.3594077728375156,-0.3280248578395682
5:4,0.3224476603501622,-0.3575724903878434
5:4,0.2849891117907007,-0.38676635827214545
5:4,0.24709003017441292,-0.4155775785131107
5:4,0.2088089994877891,-0.44397764670416445
5:4,0.17020519413004248,-0.47193846521237154
5:4,0.13133828744189932,-0.49943237097687715
5:4,0.09226835946330524,-0.5264321628773554
5:4,0.05305580406225034,-0.5529111286454845
5:4,0.013761235578657924,-0.578843071292743
5:4,-0.025554604872600004,-0.6042023350284162
5:4,-0.0648309432947258,-0.6289638306421955
5:4,-0.10400706675267032,-0.6531030603261881
5:4,-0.1430224172226313,-0.6765961419118656
5:4,-0.1818166852019142,-0.6994198324978993
5:4,-0.2203299029347035,-0.7215515514455388
5:4,-0.2585025371096342,-0.7429694027188048
5:4,-0.2962755808856305,-0.7636521965473315
5:4,-0.33359064510414627,-0.783579470390505
5:4,-0.3703900485463865,-0.8027315091820768
5:4,-0.4066169070963736,-0.8210893648352988
5:4,-0.4422152216717911,-0.8386348749892226
5:4,-0.47712996478668945,-0.8553506809776418
5:4,-0.5113071656124687,-0.8712202450029181
5:4,-0.5446939934053013,-0.8862278664976503
5:4,-0.5772388391713822,-0.9003586976580585
5:4,-0.6088913954435451,-0.913598758133666
5:4,-0.6396027340459395,-0.9259349488587666
5:4,-0.6693253817267549,-0.9373550650120086
5:4,-0.6980133935417725,-0.9478478080912338
5:4,-0.7256224238756127,-0.9574027970916702
5:4,-0.7521097949907012,-0.9660105787763839
5:4,-0.7774345629980007,-0.9736626370288453
5:4,-0.8015575811477,-0.9803514012783632
5:4,-0.824441560341762,-0.9860702539900285
5:4,-0.8460511267750506,-0.9908135372117841
5:4,-0.8663528766157692,-0.9945765581721223
5:4,-0.885315427640702,-0.9973555939228809
5:4,-0.9029094677455664,-0.9991478950225487
5:4,-0.9191078002552917,-0.9999516882564257
5:4,-0.9338853859643795,-0.999766178390955
5:4,-0.9472193818422175,-0.9985915489604889
5:4,-0.9590891763435879,-0.9964289620857072
5:4,-0.969476421269779,-0.9932805573238733
5:4,-0.9783650601310102,-0.9891494495520619
5:4,-0.9857413529663994,-0.98403972588545
5:4,-0.9915938975830334,-0.9779564416337299
5:4,-0.995913647181355,-0.9709056152996298
5:4,-0.9986939243396104,-0.9628942226245043
5:4,-0.999930431335728,-0.9539301896868815
5:4,-0.9996212567906971,-0.9440223850607835
5:4,-0.997766878623153,-0.9331806110416027
5:4,-0.9943701633106174,-0.921415593948185
5:4,-0.9894363614585248,-0.9087389735107387
5:4,-0.9829730996839013,-0.8951632913550628
5:4,-0.9749903688262165,-0.880701978594467
5:4,-0.9655005085036555,-0.8653693425417004
5:4,-0.9545181880386744,-0.8491805525539876
5:4,-0.9420603837823106,-0.8321516250252163
5:4,-0.928146352872346,-0.8142994075401092
5:4,-0.912797603465813,-0.7956415622060378
5:4,-0.8960378614919299,-0.7761965481790164
5:4,-0.877893033976821,-0.7559836034011052
5:4,-0.8583911689967004,-0.7350227255673409
5:4,-0.8375624123214974,-0.7133346523410073
5:4,-0.8154389608158191,-0.6909408408367914
5:4,-0.7920550126694069,-0.6678634463921889
5:4,-0.767446714533944,-0.6441253006480796
5:4,-0.7416521056479565,-0.619749888960245
5:4,-0.7147110590361737,-0.5947613271640909
5:4,-0.686665219874242,-0.5691843377156327
5:4,-0.657557941114067,-0.5430442252323197
5:4,-0.6274342164692936,-0.5163668514578688
5:4,-0.5963406108645158,-0.4891786096759491
5:4,-0.5643251884557239,-0.4615063985979421
5:4,-0.5314374383332567,-0.43337759575068585
5:4,-0.49772819802210744,-0.4048200303905043
5:4,-0.4632495748978317,-0.3758619559702852
5:4,-0.42805486563953554,-0.346532022186927
5:4,-0.3921984738444513,-0.31685924663671267
5:4,-0.3557358259314507,-0.28687298610673434
5:4,-0.3187232854634921,-0.25660290753074033
5:4,-0.28121806602144017,-0.22607895863810348
5:4,-0.24327814276393767,-0.19533133832503585
5:4,-0.20496216281003793,-0.16439046677725952
5:4,-0.16632935458312909,-0.13328695537377874
5:4,-0.12743943625628373,-0.10205157640149544
5:4,-0.08835252344055919,-0.0707152326105949
5:4,-0.04912903625894247,-0.0393089266409103
5:4,-0.009829605949583927,-0.00786373034940503
5:4,0.02948501885730855,0.023589245930768606
5:4,0.0687540660440387,0.055018884169330186
5:4,0.10791683394629784,0.08639408942551166
5:4,0.1469127851851345,0.1176838206118543
5:4,0.18568164024497397,0.14885712120476113
5:4,0.22416347065303494,0.17988314987133308
5:4,0.2622987916161085,0.21073121098229405
5:4,0.3000286539715017,0.24137078498072853
5:4,0.3372947353100096,0.2717715585766224
5:4,0.3740394301300586,0.30190345473736757
5:4,0.41020593888366147,0.3317366624444741
5:4,0.4457383557765386,0.36124166618715126
5:4,0.48058175518668406,0.3903892751634951
5:4,0.5146822765677925,0.419150652160424
5:4,0.5479872077063033,0.4474973420838248
5:4,0.5804450662033647,0.4754013001105992
5:4,0.6120056790557638,0.5028349194348577
5:4,0.6426202602128068,0.5297710585807274
5:4,0.672241485989264,0.5561830682547869
5:4,0.7008235682178046,0.5820448177115898
5:4,0.7283223250278467,0.607330720606117
5:4,0.75469524914141,0.6320157603076714
5:4,0.7799015735804017,0.6560755146500936
5:4,0.8039023346837666,0.6794861800938474
5:4,0.8266604323370881,0.702224595276091
5:4,0.8481406873215408,0.724268263925371
5:4,0.8683098956935418,0.7455953771183496
5:4,0.887136880111045,0.7661848348564623
5:4,0.9045925380271355,0.7860162669412375
5:4,0.9206498866764287,0.8050700531275632
5:4,0.9352841047847348,0.8233273425349877
5:4,0.948472570937513,0.8407700722978702
5:4,0.9601948985478075,0.8573809854358763
5:4,0.9704329673696102,0.8731436479272016
5:4,0.9791709515079399,0.8880424649675785
5:4,0.9863953438823377,0.9020626963990067
5:4,0.9920949771059642,0.9151904712929517
5:4,0.9962610407480244,0.9274128016735487
5:4,0.9988870949528355,0.9387175953672785
5:4,0.999969080394485,0.9490936679663653
5:4,0.9995053245516928,0.9585307538940775
5:4,0.9974965442931767,0.9670195165609932
5:4,0.9939458447695234,0.9745515576021547
5:4,0.9888587146132817,0.9811194251860059
5:4,0.9822430174546937,0.9867166213868642
5:4,0.9741089797661814,0.9913376086136486
5:4,0.9644691750543768,0.9949778150885041
5:4,0.9533385044241334,0.9976336393698901
5:4,0.9407341735445602,0.9993024539156731
5:4,0.9266756660526871,0.9999826076826857
5:4,0.9111847134358708,0.9996734277601886
5:4,0.8942852614394995,0.9983752200356156
5:4,0.8760034330519209,0.9960892688919429
5:4,0.856367488123812,0.9928178359369839
5:4,0.8354077796844112,0.9885641577658663
5:4,0.8131567070221362,0.9833324427589023
5:4,0.7896486656021184,0.9771278669180243
5:4,0.7649199938980684,0.9699565687459049
5:4,0.7390089172206601,0.9618256431728188
5:4,0.7119554886292627,0.952743134537274
5:4,0.6838015270183596,0.9427180286273318
5:4,0.6545905524743572,0.9317602437905115
5:4,0.6243677190027108,0.9198806211210687
5:4,0.5931797447293565,0.9070909137343404
5:4,0.5610748396843418,0.8934037751387996
5:4,0.5281026312792878,0.878832746717287
5:4,0.4943140875938784,0.8633922443298336
5:4,0.4597614385899591,0.8470975440513246
5:4,0.4244980953750324,0.8299647670580869
5:4,0.3885785676399512,0.8120108636784038
5:4,0.3520583793984339,0.79325359662268
5:4,0.3149939831586502,0.7737115234098928
5:4,0.27744267265955064,0.7534039780077015
5:4,0.23946249430683061,0.7323510517043532
5:4,0.2011121574454301,0.7105735732313672
5:4,0.16245094360726256,0.6880930881565918
5:4,0.12353861487450533,0.664931837568097
5:4,0.08443532149995547,0.641112736069917
5:4,0.04520150892749591,0.6166593491114727
5:4,0.005897824356153427,0.5915958696730821
5:4,-0.033414977007679474,0.5659470943305942
5:4,-0.07267612586494362,0.5397383987228971
5:4,-0.11182493276050302,0.5129957124464862
5:4,-0.15080088189617086,0.4857454934020042
5:4,-0.18954372467540503,0.4580147016181016
5:4,-0.22799357283493044,0.42983077257848745
5:4,-0.266090991019328,0.40122159007863356
5:4,-0.30377708865562675,0.3722154586388944
5:4,-0.3409936109856399,0.3428410755014138
5:4,-0.3776830291155678,0.313127502238493
5:4,-0.4137886289435337,0.2831041360004746
5:4,-0.4492545988275906,0.2528006804316723
5:4,-0.4840261158588128,0.2222471162830203
5:4,-0.5180494306058846,0.19147367175060023
5:4,-0.5512719502004172,0.16051079256935918
5:4,-0.5836423196344295,0.12938911189156985
5:4,-0.6151105011443293,0.09813941997992197
5:4,-0.6456278515588056,0.06679263374512022
5:4,-0.6751471974908265,0.03537976615823905
5:4,-0.7036229082578287,0.003931895567987223
5:4,-0.7310109664170731,-0.027519865046673735
5:4,-0.7572690358073305,-0.058944398858172514
5:4,-0.7823565269917042,-0.0903106159758141
5:4,-0.806234660000268,-0.12158748420456271
5:4,-0.8288665242757884,-0.15274405974679647
5:4,-0.8502171357296162,-0.18374951781657073
5:4,-0.8702534908197114,-0.2145731831361372
5:4,-0.8889446175671943,-0.24518456028458205
5:4,-0.9062616234324395,-0.2755533638684699
5:4,-0.9221777399768983,-0.3056495484847494
5:4,-0.9366683642414253,-0.3354433384461892
5:4,-0.9497110967772681,-0.3649052572399706
5:4,-0.9612857762709133,-0.39400615669032557
5:4,-0.9713745107091913,-0.4227172457962842
5:4,-0.9799617050365861,-0.45101011921610007
5:4,-0.9870340852618807,-0.47885678537009047
5:4,-0.9925807189769527,-0.506229694134122
5:4,-0.9965930322559803,-0.5331017640963722
5:4,-0.9990648229089101,-0.559446409350324
5:4,-0.9999922700687452,-0.5852375657975775
5:4,-0.9993739400977935,-0.6104497169343795
5:4,-0.9972107888037721,-0.6350579190963919
5:4,-0.9935061599623275,-0.6590378261367469
5:4,-0.9882657801482695,-0.6823657135129081
5:4,-0.981497749883484,-0.705018501758589
5:4,-0.9732125311152483,-0.7269737793174229
5:4,-0.9634229310442572,-0.748209824715874
5:4,-0.9521440823273891,-0.7687056280533894
5:4,-0.9393934196858291,-0.7884409117885552
5:4,-0.9251906529546376,-0.8073961508007179
5:4,-0.9095577366155354,-0.8255525917071608
5:4,-0.8925188358598831,-0.8428922714167961
5:4,-0.874100289234388,-0.8593980349019578
5:4,-0.8543305679272998,-0.8750535521707389
5:4,-0.833240231757908,-0.8898433344230959
5:4,-0.81086188193756,-0.9037527493746936
5:4,-0.787230110675029,-0.91676803573338
5:4,-0.762381447704252,-0.9288763168139276
5:4,-0.7363543038171102,-0.9400656132775902
5:4,-0.7091889114883797,-0.9503248549838815
5:4,-0.6809272626848806,-0.9596438919428185
5:4,-0.6516130439547062,-0.9680135043568316
5:4,-0.6212915688970313,-0.9754254117423754
5:4,-0.5900097081169002,-0.9818722811222307
5:4,-0.5578158167730748,-0.9873477342803977
5:4,-0.5247596598312424,-0.9918463540723836
5:4,-0.49089233513781255,-0.9953636897846648
5:4,-0.45626619443345245,-0.997896261538
5:4,-0.42093476242833927,-0.9994415637302545
5:4,-0.38495265406421475,-0.9999980675153191
5:4,-0.3483754900912696,-0.9995652223156747
5:4,-0.31125981109013057,-0.9981434563671078
5:4,-0.2736629900720807,-0.9957341762950346
5:4,-0.2356431437924854,-0.9923397657228544
5:4,-0.1972590429145122,-0.9879635829137099
5:4,-0.15857002116215035,-0.982609957447988
5:4,-0.11963588360271933,-0.976284185939842
5:4,-0.08051681420088334,-0.9689925267969869
5:4,-0.041273282786936115,-0.9607421940289328
5:4,-0.0019659515831621723,-0.9515413501097999
5:4,0.037344418567093,-0.9413990979027713
5:4,0.07659706212294204,-0.9303254716541596
5:4,0.11573130277662967,-0.918331427066025
5:4,0.15468664724630682,-0.9054288304571336
5:4,0.19340287878592005,-0.8916304470230075
5:4,0.23182015026752997,-0.8769499282066722
5:4,0.2698790766924181,-0.861401798192578
5:4,0.30752082698773453,-0.8450014395370986
5:4,0.34468721494693444,-0.8277650779497709
5:4,0.3813207891733813,-0.8097097662403897
5:4,0.417364921888088,-0.7908533674477811
5:4,0.4527638964643194,-0.7712145371669955
5:4,0.48746299355374556,-0.750812705092384
5:4,0.5214085756710125,-0.7296680557947977
5:4,0.5545481701059818,-0.7078015087519822
5:4,0.5868305500354722,-0.6852346976518582
5:4,0.6182058137091246,-0.6619899489892184
5:4,0.6486254615869818,-0.6380902599769991
5:4,0.6780424713095475,-0.6135592757939481
5:4,0.7064113703844377,-0.588421266191267
5:4,0.733688306477261,-0.5627011014812927
5:4,0.7598311151980794,-0.5364242279320393
5:4,0.7847993852786617,-0.5096166425919184
5:4,0.8085545210397797,-0.48230486756951674
5:4,0.8310598020519888,-0.4545159237939468
5:4,0.8522804398976666,-0.4262773042816459
5:4,0.872183631946568,-0.39761694693614436
5:4,0.8907386120617745,-0.3685632069076858
5:4,0.907916698157651,-0.3391448285400107
5:4,0.9236913365363015,-0.3093909169321409
5:4,0.9380381429339854,-0.2793309091431999
5:4,0.9509349402140453,-0.24899454506884258
5:4,0.9623617926480837,-0.2184118380180728
5:4,0.9723010367323935,-0.18761304501952517
5:4,0.9807373084920095,-0.15662863688667444
5:4,0.9876575672301725,-0.1254892680714809
5:4,0.9930511156864972,-0.09422574633640884
5:4,0.9969096165726792,-0.06286900227471476
5:4,0.999227105460185,-0.03145005870924737
5:4,1.0,-9.797174393178826e-16
